test_instance_id,warehouse_id,random_seed,horizon_start,horizon_end,workstationsperpartition
1,1,69863,4500,5700,3
2,1,47785,3300,4500,3
3,1,81850,2100,3300,3
4,1,26112,5700,6900,3
5,1,55983,4500,5700,3
6,1,32009,3300,4500,3
7,1,16494,2100,3300,3
8,1,98796,5700,6900,3
9,1,74189,4500,5700,3
10,1,88906,3300,4500,3
11,1,16763,2100,3300,3
12,1,50495,5700,6900,3
13,1,1547,4500,5700,3
14,1,12016,3300,4500,3
15,1,37734,2100,3300,3
16,1,95718,5700,6900,3
17,1,67973,4500,5700,3
18,1,38564,3300,4500,3
19,1,36522,2100,3300,3
20,1,64640,5700,6900,3
21,1,53185,4500,5700,3
22,1,568,3300,4500,3
23,1,57298,2100,3300,3
24,1,40013,5700,6900,3
25,1,61816,4500,5700,3
26,1,76587,3300,4500,3
27,1,49719,2100,3300,3
28,1,23096,5700,6900,3
29,1,17219,4500,5700,3
30,1,83023,3300,4500,3
31,1,35281,2100,3300,3
32,1,34805,5700,6900,3
33,1,28471,4500,5700,3
34,1,89221,3300,4500,3
35,1,27211,2100,3300,3
36,1,36192,5700,6900,3
37,1,20579,4500,5700,3
38,1,53221,3300,4500,3
39,1,30342,2100,3300,3
40,1,97559,5700,6900,3
41,1,74725,4500,5700,3
42,1,34205,3300,4500,3
43,1,16746,2100,3300,3
44,1,74310,5700,6900,3
45,1,94367,4500,5700,3
46,1,10602,3300,4500,3
47,1,33139,2100,3300,3
48,1,26049,5700,6900,3
49,1,68368,4500,5700,3
50,1,17692,3300,4500,3
51,2,40599,2100,3300,3
52,2,19496,5700,6900,3
53,2,58349,4500,5700,3
54,2,32715,3300,4500,3
55,2,26540,2100,3300,3
56,2,90353,5700,6900,3
57,2,94748,4500,5700,3
58,2,15155,3300,4500,3
59,2,7606,2100,3300,3
60,2,41669,5700,6900,3
61,2,45739,4500,5700,3
62,2,63681,3300,4500,3
63,2,63875,2100,3300,3
64,2,35579,5700,6900,3
65,2,20623,4500,5700,3
66,2,44422,3300,4500,3
67,2,14462,2100,3300,3
68,2,41695,5700,6900,3
69,2,18824,4500,5700,3
70,2,23217,3300,4500,3
71,2,72646,2100,3300,3
72,2,16426,5700,6900,3
73,2,9931,4500,5700,3
74,2,99623,3300,4500,3
75,2,21801,2100,3300,3
76,2,25469,5700,6900,3
77,2,88617,4500,5700,3
78,2,42249,3300,4500,3
79,2,88324,2100,3300,3
80,2,79571,5700,6900,3
81,2,50760,4500,5700,3
82,2,16621,3300,4500,3
83,2,71847,2100,3300,3
84,2,73705,5700,6900,3
85,2,14462,4500,5700,3
86,2,98074,3300,4500,3
87,2,1862,2100,3300,3
88,2,21392,5700,6900,3
89,2,66020,4500,5700,3
90,2,43777,3300,4500,3
91,2,86548,2100,3300,3
92,2,34312,5700,6900,3
93,2,71423,4500,5700,3
94,2,62221,3300,4500,3
95,2,26431,2100,3300,3
96,2,43957,5700,6900,3
97,2,88428,4500,5700,3
98,2,89916,3300,4500,3
99,2,15383,2100,3300,3
100,2,62145,5700,6900,3
101,3,94240,4500,5700,3
102,3,14040,3300,4500,3
103,3,82250,2100,3300,3
104,3,57443,5700,6900,3
105,3,71321,4500,5700,3
106,3,14641,3300,4500,3
107,3,59071,2100,3300,3
108,3,51817,5700,6900,3
109,3,32443,4500,5700,3
110,3,21674,3300,4500,3
111,3,97424,2100,3300,3
112,3,69701,5700,6900,3
113,3,62882,4500,5700,3
114,3,41262,3300,4500,3
115,3,26668,2100,3300,3
116,3,36519,5700,6900,3
117,3,52054,4500,5700,3
118,3,16563,3300,4500,3
119,3,45357,2100,3300,3
120,3,53155,5700,6900,3
121,3,30492,4500,5700,3
122,3,90940,3300,4500,3
123,3,61314,2100,3300,3
124,3,84872,5700,6900,3
125,3,62215,4500,5700,3
126,3,76062,3300,4500,3
127,3,51664,2100,3300,3
128,3,29961,5700,6900,3
129,3,55969,4500,5700,3
130,3,3055,3300,4500,3
131,3,96964,2100,3300,3
132,3,11253,5700,6900,3
133,3,43759,4500,5700,3
134,3,6706,3300,4500,3
135,3,18873,2100,3300,3
136,3,20586,5700,6900,3
137,3,72500,4500,5700,3
138,3,17233,3300,4500,3
139,3,46164,2100,3300,3
140,3,62072,5700,6900,3
141,3,8048,4500,5700,3
142,3,45405,3300,4500,3
143,3,25883,2100,3300,3
144,3,30145,5700,6900,3
145,3,31762,4500,5700,3
146,3,59373,3300,4500,3
147,3,96551,2100,3300,3
148,3,77751,5700,6900,3
149,3,99503,4500,5700,3
150,3,86930,3300,4500,3
151,4,29307,2100,3300,3
152,4,94640,5700,6900,3
153,4,21129,4500,5700,3
154,4,43260,3300,4500,3
155,4,8366,2100,3300,3
156,4,32334,5700,6900,3
157,4,15081,4500,5700,3
158,4,4854,3300,4500,3
159,4,54058,2100,3300,3
160,4,5540,5700,6900,3
161,4,30189,4500,5700,3
162,4,81280,3300,4500,3
163,4,91396,2100,3300,3
164,4,83572,5700,6900,3
165,4,60153,4500,5700,3
166,4,67208,3300,4500,3
167,4,87461,2100,3300,3
168,4,85385,5700,6900,3
169,4,7047,4500,5700,3
170,4,96701,3300,4500,3
171,4,61268,2100,3300,3
172,4,18331,5700,6900,3
173,4,49447,4500,5700,3
174,4,85824,3300,4500,3
175,4,96145,2100,3300,3
176,4,82819,5700,6900,3
177,4,17870,4500,5700,3
178,4,40015,3300,4500,3
179,4,24413,2100,3300,3
180,4,75185,5700,6900,3
181,4,95177,4500,5700,3
182,4,40736,3300,4500,3
183,4,39060,2100,3300,3
184,4,11330,5700,6900,3
185,4,37502,4500,5700,3
186,4,42114,3300,4500,3
187,4,46157,2100,3300,3
188,4,37051,5700,6900,3
189,4,96055,4500,5700,3
190,4,19562,3300,4500,3
191,4,67416,2100,3300,3
192,4,51982,5700,6900,3
193,4,34715,4500,5700,3
194,4,67355,3300,4500,3
195,4,15923,2100,3300,3
196,4,48152,5700,6900,3
197,4,64884,4500,5700,3
198,4,47737,3300,4500,3
199,4,22841,2100,3300,3
200,4,90958,5700,6900,3
201,5,10693,4500,5700,3
202,5,18150,3300,4500,3
203,5,60807,2100,3300,3
204,5,88407,5700,6900,3
205,5,84463,4500,5700,3
206,5,61681,3300,4500,3
207,5,60043,2100,3300,3
208,5,49048,5700,6900,3
209,5,82903,4500,5700,3
210,5,40302,3300,4500,3
211,5,13632,2100,3300,3
212,5,81797,5700,6900,3
213,5,6162,4500,5700,3
214,5,54217,3300,4500,3
215,5,87842,2100,3300,3
216,5,34610,5700,6900,3
217,5,87997,4500,5700,3
218,5,7627,3300,4500,3
219,5,20195,2100,3300,3
220,5,43846,5700,6900,3
221,5,93506,4500,5700,3
222,5,48373,3300,4500,3
223,5,22274,2100,3300,3
224,5,8769,5700,6900,3
225,5,93478,4500,5700,3
226,5,42075,3300,4500,3
227,5,98179,2100,3300,3
228,5,44848,5700,6900,3
229,5,30577,4500,5700,3
230,5,90439,3300,4500,3
231,5,4534,2100,3300,3
232,5,50110,5700,6900,3
233,5,63770,4500,5700,3
234,5,21147,3300,4500,3
235,5,71147,2100,3300,3
236,5,42575,5700,6900,3
237,5,76728,4500,5700,3
238,5,38941,3300,4500,3
239,5,80226,2100,3300,3
240,5,23047,5700,6900,3
241,5,9822,4500,5700,3
242,5,42944,3300,4500,3
243,5,47769,2100,3300,3
244,5,43707,5700,6900,3
245,5,17470,4500,5700,3
246,5,49176,3300,4500,3
247,5,9569,2100,3300,3
248,5,14211,5700,6900,3
249,5,10465,4500,5700,3
250,5,69423,3300,4500,3
251,6,5394,2100,3300,3
252,6,48638,5700,6900,3
253,6,19817,4500,5700,3
254,6,36975,3300,4500,3
255,6,78111,2100,3300,3
256,6,57877,5700,6900,3
257,6,96728,4500,5700,3
258,6,25446,3300,4500,3
259,6,60324,2100,3300,3
260,6,69856,5700,6900,3
261,6,99852,4500,5700,3
262,6,25057,3300,4500,3
263,6,86156,2100,3300,3
264,6,97885,5700,6900,3
265,6,70690,4500,5700,3
266,6,84826,3300,4500,3
267,6,68213,2100,3300,3
268,6,15058,5700,6900,3
269,6,8692,4500,5700,3
270,6,96503,3300,4500,3
271,6,86897,2100,3300,3
272,6,25374,5700,6900,3
273,6,81430,4500,5700,3
274,6,77185,3300,4500,3
275,6,31721,2100,3300,3
276,6,3051,5700,6900,3
277,6,23545,4500,5700,3
278,6,29598,3300,4500,3
279,6,55203,2100,3300,3
280,6,79227,5700,6900,3
281,6,84630,4500,5700,3
282,6,34869,3300,4500,3
283,6,94149,2100,3300,3
284,6,28539,5700,6900,3
285,6,22928,4500,5700,3
286,6,32572,3300,4500,3
287,6,13667,2100,3300,3
288,6,2857,5700,6900,3
289,6,53091,4500,5700,3
290,6,3628,3300,4500,3
291,6,67274,2100,3300,3
292,6,31113,5700,6900,3
293,6,38581,4500,5700,3
294,6,41074,3300,4500,3
295,6,49998,2100,3300,3
296,6,29350,5700,6900,3
297,6,89361,4500,5700,3
298,6,42095,3300,4500,3
299,6,87996,2100,3300,3
300,6,66065,5700,6900,3
301,7,26306,4500,5700,3
302,7,3813,3300,4500,3
303,7,52436,2100,3300,3
304,7,66423,5700,6900,3
305,7,27511,4500,5700,3
306,7,61050,3300,4500,3
307,7,75437,2100,3300,3
308,7,20123,5700,6900,3
309,7,11178,4500,5700,3
310,7,85421,3300,4500,3
311,7,52375,2100,3300,3
312,7,26768,5700,6900,3
313,7,26073,4500,5700,3
314,7,44965,3300,4500,3
315,7,21373,2100,3300,3
316,7,28494,5700,6900,3
317,7,46426,4500,5700,3
318,7,9098,3300,4500,3
319,7,67117,2100,3300,3
320,7,67844,5700,6900,3
321,7,31402,4500,5700,3
322,7,45923,3300,4500,3
323,7,77503,2100,3300,3
324,7,97134,5700,6900,3
325,7,7237,4500,5700,3
326,7,46908,3300,4500,3
327,7,95625,2100,3300,3
328,7,80959,5700,6900,3
329,7,104,4500,5700,3
330,7,50491,3300,4500,3
331,7,39016,2100,3300,3
332,7,7286,5700,6900,3
333,7,70700,4500,5700,3
334,7,59098,3300,4500,3
335,7,18122,2100,3300,3
336,7,69577,5700,6900,3
337,7,40237,4500,5700,3
338,7,20720,3300,4500,3
339,7,59634,2100,3300,3
340,7,31076,5700,6900,3
341,7,14556,4500,5700,3
342,7,83579,3300,4500,3
343,7,62123,2100,3300,3
344,7,16703,5700,6900,3
345,7,58267,4500,5700,3
346,7,39764,3300,4500,3
347,7,68834,2100,3300,3
348,7,83641,5700,6900,3
349,7,10849,4500,5700,3
350,7,39988,3300,4500,3
