row_id,run_id,test_instance_id,test_instance_mod,warehouse_id,random_seed,method,initialization,timeforsubproblem,partition,lsnsiteration,objective,solve_time,cumul_time,solvetime_init,solvetime_spselection,solvetime_spopt,time_utilization,throughput_utilization,bestthroughput_utilization,total_orders_worked,total_orders_completed,congestion_utilization,max_congestion,pods_used,unique_pods_used,items_picked_per_pod,pod_distance_travelled,order_open_time_per_item,orders_size_1,orders_size_2,orders_size_3,orders_size_4,orders_size_5,orders_size_6,orders_size_7,orders_size_8,orders_size_9,orders_size_10,orders_size_large
255,255,26,6,3,7933,Learn-then-optimize,(warm start),10,1,0,138,52.49990892,52.49990892,52.49990892,0,0,0.661290323,0.766666667,0.533333333,74,74,0.920765027,4,108,107,1.277777778,4600,10.39130435,66,0,0,0,2,2,1,0,1,0,2
255,255,26,6,3,7933,Learn-then-optimize,(warm start),10,1,1,142,30.30543613,82.80534506,0,17.08352089,0.132184029,0.682795699,0.788888889,0.541666667,72,72,0.988160291,4,112,107,1.267857143,4804,7.598591549,60,2,2,0,2,2,1,0,1,0,2
255,255,26,6,3,7933,Learn-then-optimize,(warm start),10,1,2,152,13.08309293,95.88843799,0,11.83031297,0.085111141,0.728494624,0.844444444,0.575,75,75,1.08852459,4,119,110,1.277310924,5084,6.092105263,57,7,3,0,2,2,1,0,1,0,2
255,255,26,6,3,7933,Learn-then-optimize,(warm start),10,1,3,152,12.54575682,108.4341948,0,11.18333507,0.004873037,0.728494624,0.844444444,0.575,75,75,1.08852459,4,119,110,1.277310924,5084,6.092105263,57,7,3,0,2,2,1,0,1,0,2
255,255,26,6,3,7933,Learn-then-optimize,(warm start),10,1,4,163,12.57707095,121.0112658,0,11.11455297,0.201225996,0.758064516,0.905555556,0.608333333,78,78,1.076684882,4,119,109,1.369747899,5100,5.570552147,55,11,3,0,3,2,1,0,1,0,2
255,255,26,6,3,7933,Learn-then-optimize,(warm start),10,1,5,171,17.4346931,138.4459589,0,11.15620995,5.001363039,0.793010753,0.95,0.636111111,82,82,1.100364299,4,124,114,1.379032258,5316,5.409356725,55,14,4,1,2,2,1,0,1,0,2
255,255,26,6,3,7933,Learn-then-optimize,(warm start),10,1,6,171,12.62941885,151.0753777,0,11.43175983,0.061154127,0.793010753,0.95,0.636111111,82,82,1.100364299,4,124,114,1.379032258,5316,5.409356725,55,14,4,1,2,2,1,0,1,0,2
255,255,26,6,3,7933,Learn-then-optimize,(warm start),10,1,7,177,13.3039031,164.3792808,0,11.146348,0.893581867,0.803763441,0.983333333,0.652777778,84,84,1.10582878,4.166666667,122,110,1.450819672,5292,4.711864407,55,14,6,1,2,2,1,0,1,0,2
255,255,26,6,3,7933,Learn-then-optimize,(warm start),10,1,8,185,17.64743495,182.0267158,0,11.39822102,5.107825994,0.817204301,1.027777778,0.677777778,87,87,1.013843352,4,119,107,1.554621849,5028,4.654054054,55,16,6,2,2,2,1,0,1,0,2
255,255,26,6,3,7933,Learn-then-optimize,(warm start),10,1,9,185,17.43955088,199.4662666,0,11.20890093,5.035210133,0.817204301,1.027777778,0.677777778,87,87,1.013843352,4,119,107,1.554621849,5028,4.654054054,55,16,6,2,2,2,1,0,1,0,2
255,255,26,6,3,7933,Learn-then-optimize,(warm start),10,1,10,185,17.416394,216.8826606,0,11.22738886,5.033957958,0.817204301,1.027777778,0.677777778,87,87,1.013843352,4,119,107,1.554621849,5028,4.654054054,55,16,6,2,2,2,1,0,1,0,2
255,255,26,6,3,7933,Learn-then-optimize,(warm start),10,1,11,185,13.36526084,230.2479215,0,11.27951097,0.004358053,0.817204301,1.027777778,0.677777778,87,87,1.013843352,4,119,107,1.554621849,5028,4.654054054,55,16,6,2,2,2,1,0,1,0,2
255,255,26,6,3,7933,Learn-then-optimize,(warm start),10,1,12,185,12.970824,243.2187455,0,11.34534597,0.497667074,0.817204301,1.027777778,0.677777778,87,87,1.013843352,4,119,107,1.554621849,5028,4.654054054,55,16,6,2,2,2,1,0,1,0,2
255,255,26,6,3,7933,Learn-then-optimize,(warm start),10,1,13,185,12.61577702,255.8345225,0,11.25338912,0.079164982,0.817204301,1.027777778,0.677777778,87,87,1.013843352,4,119,107,1.554621849,5028,4.654054054,55,16,6,2,2,2,1,0,1,0,2
255,255,26,6,3,7933,Learn-then-optimize,(warm start),10,1,14,185,12.64190578,268.4764283,0,11.24584699,0.063942909,0.817204301,1.027777778,0.677777778,87,87,1.013843352,4,119,107,1.554621849,5028,4.654054054,55,16,6,2,2,2,1,0,1,0,2
255,255,26,6,3,7933,Learn-then-optimize,(warm start),10,1,15,185,12.367939,280.8443673,0,11.17249584,0.004395008,0.817204301,1.027777778,0.677777778,87,87,1.013843352,4,119,107,1.554621849,5028,4.654054054,55,16,6,2,2,2,1,0,1,0,2
255,255,26,6,3,7933,Learn-then-optimize,(warm start),10,1,16,185,12.53101206,293.3753793,0,11.15370798,0.004633904,0.817204301,1.027777778,0.677777778,87,87,1.013843352,4,119,107,1.554621849,5028,4.654054054,55,16,6,2,2,2,1,0,1,0,2
255,255,26,6,3,7933,Learn-then-optimize,(warm start),10,1,17,185,12.34732199,305.7227013,0,11.176687,0.004209995,0.817204301,1.027777778,0.677777778,87,87,1.013843352,4,119,107,1.554621849,5028,4.654054054,55,16,6,2,2,2,1,0,1,0,2
255,255,26,6,3,7933,Learn-then-optimize,(warm start),10,1,18,185,13.547997,319.2706983,0,11.23223591,0.057342052,0.817204301,1.027777778,0.677777778,87,87,1.013843352,4,119,107,1.554621849,5028,4.654054054,55,16,6,2,2,2,1,0,1,0,2
255,255,26,6,3,7933,Learn-then-optimize,(warm start),10,1,19,185,17.50954795,336.7802463,0,11.22825813,5.044845104,0.817204301,1.027777778,0.677777778,87,87,1.013843352,4,119,107,1.554621849,5028,4.654054054,55,16,6,2,2,2,1,0,1,0,2
255,255,26,6,3,7933,Learn-then-optimize,(warm start),10,1,20,185,17.55359197,354.3338382,0,11.3196969,5.045106888,0.817204301,1.027777778,0.677777778,87,87,1.013843352,4,119,107,1.554621849,5028,4.654054054,55,16,6,2,2,2,1,0,1,0,2
255,255,26,6,3,7933,Learn-then-optimize,(warm start),10,1,21,185,12.71072102,367.0445592,0,11.1614089,0.064539909,0.817204301,1.027777778,0.677777778,87,87,1.013843352,4,119,107,1.554621849,5028,4.654054054,55,16,6,2,2,2,1,0,1,0,2
255,255,26,6,3,7933,Learn-then-optimize,(warm start),10,1,22,185,12.40761495,379.4521742,0,11.138551,0.005055904,0.817204301,1.027777778,0.677777778,87,87,1.013843352,4,119,107,1.554621849,5028,4.654054054,55,16,6,2,2,2,1,0,1,0,2
255,255,26,6,3,7933,Learn-then-optimize,(warm start),10,1,23,185,12.43991804,391.8920922,0,11.16780305,0.004388094,0.817204301,1.027777778,0.677777778,87,87,1.013843352,4,119,107,1.554621849,5028,4.654054054,55,16,6,2,2,2,1,0,1,0,2
255,255,26,6,3,7933,Learn-then-optimize,(warm start),10,1,24,185,12.34775496,404.2398472,0,11.16374707,0.101973057,0.817204301,1.027777778,0.677777778,87,87,1.013843352,4,119,107,1.554621849,5028,4.654054054,55,16,6,2,2,2,1,0,1,0,2
255,255,26,6,3,7933,Learn-then-optimize,(warm start),10,1,25,186,17.36696506,421.6068122,0,11.18510103,5.010746956,0.825268817,1.033333333,0.680555556,87,87,1.010200364,4,121,106,1.537190083,5160,4.720430108,54,17,6,2,2,2,1,0,1,0,2
255,255,26,6,3,7933,Learn-then-optimize,(warm start),10,1,26,186,12.60817695,434.2149892,0,11.31880903,0.00481391,0.825268817,1.033333333,0.680555556,87,87,1.010200364,4,121,106,1.537190083,5160,4.720430108,54,17,6,2,2,2,1,0,1,0,2
255,255,26,6,3,7933,Learn-then-optimize,(warm start),10,1,27,186,12.33123302,446.5462222,0,11.13405991,0.004698038,0.825268817,1.033333333,0.680555556,87,87,1.010200364,4,121,106,1.537190083,5160,4.720430108,54,17,6,2,2,2,1,0,1,0,2
255,255,26,6,3,7933,Learn-then-optimize,(warm start),10,1,28,186,17.39951777,463.94574,0,11.13028502,5.000833988,0.825268817,1.033333333,0.680555556,87,87,1.010200364,4,121,106,1.537190083,5160,4.720430108,54,17,6,2,2,2,1,0,1,0,2
255,255,26,6,3,7933,Learn-then-optimize,(warm start),10,1,29,186,12.74985504,476.695595,0,11.21344495,0.459146976,0.825268817,1.033333333,0.680555556,87,87,1.010200364,4,121,106,1.537190083,5160,4.720430108,54,17,6,2,2,2,1,0,1,0,2
255,255,26,6,3,7933,Learn-then-optimize,(warm start),10,1,30,186,12.62352896,489.319124,0,11.18459082,0.078356981,0.825268817,1.033333333,0.680555556,87,87,1.010200364,4,121,106,1.537190083,5160,4.720430108,54,17,6,2,2,2,1,0,1,0,2
260,260,26,6,3,7933,Randomized,(warm start),10,1,0,139,52.49990892,52.49990892,52.49990892,0,0,0.666666667,0.772222222,0.536111111,75,75,0.909836066,4,109,106,1.275229358,4424,9.949640288,67,0,0,0,2,2,1,0,1,0,2
260,260,26,6,3,7933,Randomized,(warm start),10,1,1,139,13.51020908,66.01011801,0,1.317677975,0.184360981,0.666666667,0.772222222,0.536111111,75,75,0.909836066,4,109,106,1.275229358,4424,9.949640288,67,0,0,0,2,2,1,0,1,0,2
260,260,26,6,3,7933,Randomized,(warm start),10,1,2,139,1.789217949,67.79933596,0,0.229905844,0.108233929,0.666666667,0.772222222,0.536111111,75,75,0.909836066,4,109,106,1.275229358,4424,9.949640288,67,0,0,0,2,2,1,0,1,0,2
260,260,26,6,3,7933,Randomized,(warm start),10,1,3,139,1.513143063,69.31247902,0,0.012778044,0.438784122,0.666666667,0.772222222,0.536111111,75,75,0.909836066,4,109,106,1.275229358,4424,9.949640288,67,0,0,0,2,2,1,0,1,0,2
260,260,26,6,3,7933,Randomized,(warm start),10,1,4,139,2.804879904,72.11735892,0,0.01000905,0.07923913,0.666666667,0.772222222,0.536111111,75,75,0.909836066,4,109,106,1.275229358,4424,9.949640288,67,0,0,0,2,2,1,0,1,0,2
260,260,26,6,3,7933,Randomized,(warm start),10,1,5,139,1.439146042,73.55650496,0,0.008963823,0.088466883,0.666666667,0.772222222,0.536111111,75,75,0.909836066,4,109,106,1.275229358,4424,9.949640288,67,0,0,0,2,2,1,0,1,0,2
260,260,26,6,3,7933,Randomized,(warm start),10,1,6,139,1.276431084,74.83293605,0,0.004312992,0.046593904,0.666666667,0.772222222,0.536111111,75,75,0.909836066,4,109,106,1.275229358,4424,9.949640288,67,0,0,0,2,2,1,0,1,0,2
260,260,26,6,3,7933,Randomized,(warm start),10,1,7,139,1.328511953,76.161448,0,0.004484892,0.047929049,0.666666667,0.772222222,0.536111111,75,75,0.909836066,4,109,106,1.275229358,4424,9.949640288,67,0,0,0,2,2,1,0,1,0,2
260,260,26,6,3,7933,Randomized,(warm start),10,1,8,139,1.367316008,77.52876401,0,0.009083986,0.095581055,0.666666667,0.772222222,0.536111111,75,75,0.909836066,4,109,106,1.275229358,4424,9.949640288,67,0,0,0,2,2,1,0,1,0,2
260,260,26,6,3,7933,Randomized,(warm start),10,1,9,139,1.31909585,78.84785986,0,0.004624844,0.035321951,0.666666667,0.772222222,0.536111111,75,75,0.909836066,4,109,106,1.275229358,4424,9.949640288,67,0,0,0,2,2,1,0,1,0,2
260,260,26,6,3,7933,Randomized,(warm start),10,1,10,139,1.354097128,80.20195699,0,0.005679131,0.083148003,0.666666667,0.772222222,0.536111111,75,75,0.909836066,4,109,106,1.275229358,4424,9.949640288,67,0,0,0,2,2,1,0,1,0,2
260,260,26,6,3,7933,Randomized,(warm start),10,1,11,139,1.548913956,81.75087094,0,0.006973982,0.174818993,0.666666667,0.772222222,0.536111111,75,75,0.909836066,4,109,106,1.275229358,4424,9.949640288,67,0,0,0,2,2,1,0,1,0,2
260,260,26,6,3,7933,Randomized,(warm start),10,1,12,139,1.561473846,83.31234479,0,0.006197929,0.514163017,0.666666667,0.772222222,0.536111111,75,75,0.909836066,4,109,106,1.275229358,4424,9.949640288,67,0,0,0,2,2,1,0,1,0,2
260,260,26,6,3,7933,Randomized,(warm start),10,1,13,139,1.443337917,84.75568271,0,0.012552023,0.414701939,0.666666667,0.772222222,0.536111111,75,75,0.909836066,4,109,106,1.275229358,4424,9.949640288,67,0,0,0,2,2,1,0,1,0,2
260,260,26,6,3,7933,Randomized,(warm start),10,1,14,139,1.556372166,86.31205487,0,0.010145903,0.072861195,0.666666667,0.772222222,0.536111111,75,75,0.909836066,4,109,106,1.275229358,4424,9.949640288,67,0,0,0,2,2,1,0,1,0,2
260,260,26,6,3,7933,Randomized,(warm start),10,1,15,139,1.513585806,87.82564068,0,0.007426977,0.142007828,0.666666667,0.772222222,0.536111111,75,75,0.909836066,4,109,106,1.275229358,4424,9.949640288,67,0,0,0,2,2,1,0,1,0,2
260,260,26,6,3,7933,Randomized,(warm start),10,1,16,139,1.217201948,89.04284263,0,0.012556076,0.130044937,0.666666667,0.772222222,0.536111111,75,75,0.909836066,4,109,106,1.275229358,4424,9.949640288,67,0,0,0,2,2,1,0,1,0,2
260,260,26,6,3,7933,Randomized,(warm start),10,1,17,139,1.2436409,90.28648353,0,0.00957489,0.040829897,0.666666667,0.772222222,0.536111111,75,75,0.909836066,4,109,106,1.275229358,4424,9.949640288,67,0,0,0,2,2,1,0,1,0,2
260,260,26,6,3,7933,Randomized,(warm start),10,1,18,139,2.009349108,92.29583263,0,0.006152153,0.610155821,0.666666667,0.772222222,0.536111111,75,75,0.909836066,4,109,106,1.275229358,4424,9.949640288,67,0,0,0,2,2,1,0,1,0,2
260,260,26,6,3,7933,Randomized,(warm start),10,1,19,139,1.266865969,93.5626986,0,0.010831118,0.203560829,0.666666667,0.772222222,0.536111111,75,75,0.909836066,4,109,106,1.275229358,4424,9.949640288,67,0,0,0,2,2,1,0,1,0,2
260,260,26,6,3,7933,Randomized,(warm start),10,1,20,139,1.477749109,95.04044771,0,0.007536173,0.127378941,0.666666667,0.772222222,0.536111111,75,75,0.909836066,4,109,106,1.275229358,4424,9.949640288,67,0,0,0,2,2,1,0,1,0,2
260,260,26,6,3,7933,Randomized,(warm start),10,1,21,139,1.161753178,96.20220089,0,0.009766102,0.073319912,0.666666667,0.772222222,0.536111111,75,75,0.909836066,4,109,106,1.275229358,4424,9.949640288,67,0,0,0,2,2,1,0,1,0,2
260,260,26,6,3,7933,Randomized,(warm start),10,1,22,139,1.307315111,97.509516,0,0.004405022,0.049455166,0.666666667,0.772222222,0.536111111,75,75,0.909836066,4,109,106,1.275229358,4424,9.949640288,67,0,0,0,2,2,1,0,1,0,2
260,260,26,6,3,7933,Randomized,(warm start),10,1,23,139,1.308492899,98.8180089,0,0.004111052,0.048053026,0.666666667,0.772222222,0.536111111,75,75,0.909836066,4,109,106,1.275229358,4424,9.949640288,67,0,0,0,2,2,1,0,1,0,2
260,260,26,6,3,7933,Randomized,(warm start),10,1,24,139,1.383370161,100.2013791,0,0.006877899,0.384178877,0.666666667,0.772222222,0.536111111,75,75,0.909836066,4,109,106,1.275229358,4424,9.949640288,67,0,0,0,2,2,1,0,1,0,2
260,260,26,6,3,7933,Randomized,(warm start),10,1,25,139,1.326449156,101.5278282,0,0.004365921,0.050473928,0.666666667,0.772222222,0.536111111,75,75,0.909836066,4,109,106,1.275229358,4424,9.949640288,67,0,0,0,2,2,1,0,1,0,2
260,260,26,6,3,7933,Randomized,(warm start),10,1,26,139,1.401041985,102.9288702,0,0.005258083,0.056097984,0.666666667,0.772222222,0.536111111,75,75,0.909836066,4,109,106,1.275229358,4424,9.949640288,67,0,0,0,2,2,1,0,1,0,2
260,260,26,6,3,7933,Randomized,(warm start),10,1,27,139,1.403507948,104.3323781,0,0.013163805,0.358858109,0.666666667,0.772222222,0.536111111,75,75,0.909836066,4,109,106,1.275229358,4424,9.949640288,67,0,0,0,2,2,1,0,1,0,2
260,260,26,6,3,7933,Randomized,(warm start),10,1,28,139,1.534463882,105.866842,0,0.007121086,0.177416086,0.666666667,0.772222222,0.536111111,75,75,0.909836066,4,109,106,1.275229358,4424,9.949640288,67,0,0,0,2,2,1,0,1,0,2
260,260,26,6,3,7933,Randomized,(warm start),10,1,29,139,0.973037004,106.839879,0,0.010859966,0.123956919,0.666666667,0.772222222,0.536111111,75,75,0.909836066,4,109,106,1.275229358,4424,9.949640288,67,0,0,0,2,2,1,0,1,0,2
260,260,26,6,3,7933,Randomized,(warm start),10,1,30,139,1.184607029,108.0244861,0,0.010111094,0.032616854,0.666666667,0.772222222,0.536111111,75,75,0.909836066,4,109,106,1.275229358,4424,9.949640288,67,0,0,0,2,2,1,0,1,0,2
260,260,26,6,3,7933,Randomized,(warm start),10,1,31,139,1.522064924,109.546551,0,0.006144047,0.419734001,0.666666667,0.772222222,0.536111111,75,75,0.909836066,4,109,106,1.275229358,4424,9.949640288,67,0,0,0,2,2,1,0,1,0,2
260,260,26,6,3,7933,Randomized,(warm start),10,1,32,139,1.292344809,110.8388958,0,0.01157999,0.161741018,0.666666667,0.772222222,0.536111111,75,75,0.909836066,4,109,106,1.275229358,4424,9.949640288,67,0,0,0,2,2,1,0,1,0,2
260,260,26,6,3,7933,Randomized,(warm start),10,1,33,139,1.763489962,112.6023858,0,0.007565975,0.148076057,0.666666667,0.772222222,0.536111111,75,75,0.909836066,4,109,106,1.275229358,4424,9.949640288,67,0,0,0,2,2,1,0,1,0,2
260,260,26,6,3,7933,Randomized,(warm start),10,1,34,139,1.204706907,113.8070927,0,0.007702112,0.187644958,0.666666667,0.772222222,0.536111111,75,75,0.909836066,4,109,106,1.275229358,4424,9.949640288,67,0,0,0,2,2,1,0,1,0,2
260,260,26,6,3,7933,Randomized,(warm start),10,1,35,139,1.128858089,114.9359508,0,0.010752201,0.118265867,0.666666667,0.772222222,0.536111111,75,75,0.909836066,4,109,106,1.275229358,4424,9.949640288,67,0,0,0,2,2,1,0,1,0,2
260,260,26,6,3,7933,Randomized,(warm start),10,1,36,139,1.226984024,116.1629348,0,0.007801056,0.058637857,0.666666667,0.772222222,0.536111111,75,75,0.909836066,4,109,106,1.275229358,4424,9.949640288,67,0,0,0,2,2,1,0,1,0,2
260,260,26,6,3,7933,Randomized,(warm start),10,1,37,139,1.197320938,117.3602557,0,0.00583005,0.184635878,0.666666667,0.772222222,0.536111111,75,75,0.909836066,4,109,106,1.275229358,4424,9.949640288,67,0,0,0,2,2,1,0,1,0,2
260,260,26,6,3,7933,Randomized,(warm start),10,1,38,139,1.320561886,118.6808176,0,0.004876852,0.076547146,0.666666667,0.772222222,0.536111111,75,75,0.909836066,4,109,106,1.275229358,4424,9.949640288,67,0,0,0,2,2,1,0,1,0,2
260,260,26,6,3,7933,Randomized,(warm start),10,1,39,139,1.549383879,120.2302015,0,0.006929874,0.143434048,0.666666667,0.772222222,0.536111111,75,75,0.909836066,4,109,106,1.275229358,4424,9.949640288,67,0,0,0,2,2,1,0,1,0,2
260,260,26,6,3,7933,Randomized,(warm start),10,1,40,139,1.611559868,121.8417614,0,0.007198095,0.645217896,0.666666667,0.772222222,0.536111111,75,75,0.909836066,4,109,106,1.275229358,4424,9.949640288,67,0,0,0,2,2,1,0,1,0,2
260,260,26,6,3,7933,Randomized,(warm start),10,1,41,139,1.385303974,123.2270653,0,0.010668039,0.342567205,0.666666667,0.772222222,0.536111111,75,75,0.909836066,4,109,106,1.275229358,4424,9.949640288,67,0,0,0,2,2,1,0,1,0,2
260,260,26,6,3,7933,Randomized,(warm start),10,1,42,139,1.178786993,124.4058523,0,0.007872105,0.035966158,0.666666667,0.772222222,0.536111111,75,75,0.909836066,4,109,106,1.275229358,4424,9.949640288,67,0,0,0,2,2,1,0,1,0,2
260,260,26,6,3,7933,Randomized,(warm start),10,1,43,139,1.178869963,125.5847223,0,0.007796049,0.125892878,0.666666667,0.772222222,0.536111111,75,75,0.909836066,4,109,106,1.275229358,4424,9.949640288,67,0,0,0,2,2,1,0,1,0,2
260,260,26,6,3,7933,Randomized,(warm start),10,1,44,139,1.338176012,126.9228983,0,0.005776167,0.076397896,0.666666667,0.772222222,0.536111111,75,75,0.909836066,4,109,106,1.275229358,4424,9.949640288,67,0,0,0,2,2,1,0,1,0,2
260,260,26,6,3,7933,Randomized,(warm start),10,1,45,139,1.28582406,128.2087224,0,0.005722046,0.083206892,0.666666667,0.772222222,0.536111111,75,75,0.909836066,4,109,106,1.275229358,4424,9.949640288,67,0,0,0,2,2,1,0,1,0,2
260,260,26,6,3,7933,Randomized,(warm start),10,1,46,139,1.243951082,129.4526734,0,0.011948109,0.160459042,0.666666667,0.772222222,0.536111111,75,75,0.909836066,4,109,106,1.275229358,4424,9.949640288,67,0,0,0,2,2,1,0,1,0,2
260,260,26,6,3,7933,Randomized,(warm start),10,1,47,139,1.353380919,130.8060544,0,0.003875971,0.049228191,0.666666667,0.772222222,0.536111111,75,75,0.909836066,4,109,106,1.275229358,4424,9.949640288,67,0,0,0,2,2,1,0,1,0,2
260,260,26,6,3,7933,Randomized,(warm start),10,1,48,139,1.38580513,132.1918595,0,0.005934,0.100213051,0.666666667,0.772222222,0.536111111,75,75,0.909836066,4,109,106,1.275229358,4424,9.949640288,67,0,0,0,2,2,1,0,1,0,2
260,260,26,6,3,7933,Randomized,(warm start),10,1,49,139,1.574278116,133.7661376,0,0.007409096,0.13549614,0.666666667,0.772222222,0.536111111,75,75,0.909836066,4,109,106,1.275229358,4424,9.949640288,67,0,0,0,2,2,1,0,1,0,2
260,260,26,6,3,7933,Randomized,(warm start),10,1,50,139,1.366222143,135.1323597,0,0.004585028,0.060280085,0.666666667,0.772222222,0.536111111,75,75,0.909836066,4,109,106,1.275229358,4424,9.949640288,67,0,0,0,2,2,1,0,1,0,2
258,258,26,6,3,7933,Domain-based,(warm start),10,1,0,139,52.49990892,52.49990892,52.49990892,0,0,0.666666667,0.772222222,0.536111111,75,75,0.909836066,4,109,106,1.275229358,4424,9.949640288,67,0,0,0,2,2,1,0,1,0,2
258,258,26,6,3,7933,Domain-based,(warm start),10,1,1,144,18.30355096,70.80345988,0,2.394773006,0.188642979,0.685483871,0.8,0.555555556,77,77,0.959380692,4,111,105,1.297297297,4520,7.041666667,67,1,1,0,2,2,1,0,1,0,2
258,258,26,6,3,7933,Domain-based,(warm start),10,1,2,150,1.866603851,72.67006373,0,0.09958601,0.172932863,0.704301075,0.833333333,0.572222222,79,79,1.001275046,5,112,101,1.339285714,4608,5.7,67,2,1,1,2,2,1,0,1,0,2
258,258,26,6,3,7933,Domain-based,(warm start),10,1,3,150,1.685693979,74.35575771,0,0.040208101,0.068191051,0.704301075,0.833333333,0.572222222,79,79,1.001275046,5,112,101,1.339285714,4608,5.7,67,2,1,1,2,2,1,0,1,0,2
258,258,26,6,3,7933,Domain-based,(warm start),10,1,4,150,1.576449871,75.93220758,0,0.037953854,0.107630968,0.704301075,0.833333333,0.572222222,79,79,1.001275046,5,112,101,1.339285714,4608,5.7,67,2,1,1,2,2,1,0,1,0,2
258,258,26,6,3,7933,Domain-based,(warm start),10,1,5,150,1.521244049,77.45345163,0,0.038224936,0.103213072,0.704301075,0.833333333,0.572222222,79,79,1.001275046,5,112,101,1.339285714,4608,5.7,67,2,1,1,2,2,1,0,1,0,2
258,258,26,6,3,7933,Domain-based,(warm start),10,1,6,150,1.550544977,79.00399661,0,0.038594007,0.094838142,0.704301075,0.833333333,0.572222222,79,79,1.001275046,5,112,101,1.339285714,4608,5.7,67,2,1,1,2,2,1,0,1,0,2
258,258,26,6,3,7933,Domain-based,(warm start),10,1,7,150,1.263479948,80.26747656,0,0.036939144,0.00552392,0.704301075,0.833333333,0.572222222,79,79,1.001275046,5,112,101,1.339285714,4608,5.7,67,2,1,1,2,2,1,0,1,0,2
258,258,26,6,3,7933,Domain-based,(warm start),10,1,8,150,1.601158142,81.8686347,0,0.042537928,0.116962194,0.704301075,0.833333333,0.572222222,79,79,1.001275046,5,112,101,1.339285714,4608,5.7,67,2,1,1,2,2,1,0,1,0,2
258,258,26,6,3,7933,Domain-based,(warm start),10,1,9,158,1.619588137,83.48822284,0,0.039783001,0.327795029,0.728494624,0.877777778,0.591666667,82,82,1.011870067,5,113,101,1.398230088,4796,4.246835443,67,4,1,2,2,2,1,0,1,0,2
258,258,26,6,3,7933,Domain-based,(warm start),10,1,10,165,1.824960947,85.31318378,0,0.036139011,0.538455963,0.755376344,0.916666667,0.616666667,85,85,1.069247116,5,116,100,1.422413793,5004,2.36969697,67,6,2,2,2,2,1,0,1,0,2
258,258,26,6,3,7933,Domain-based,(warm start),10,1,11,165,1.278388977,86.59157276,0,0.09346199,0.005965948,0.755376344,0.916666667,0.616666667,85,85,1.069247116,5,116,100,1.422413793,5004,2.36969697,67,6,2,2,2,2,1,0,1,0,2
258,258,26,6,3,7933,Domain-based,(warm start),10,1,12,165,1.506157875,88.09773064,0,0.028371096,0.098002911,0.755376344,0.916666667,0.616666667,85,85,1.069247116,5,116,100,1.422413793,5004,2.36969697,67,6,2,2,2,2,1,0,1,0,2
258,258,26,6,3,7933,Domain-based,(warm start),10,1,13,165,1.572700977,89.67043161,0,0.033611059,0.154692888,0.755376344,0.916666667,0.616666667,85,85,1.069247116,5,116,100,1.422413793,5004,2.36969697,67,6,2,2,2,2,1,0,1,0,2
258,258,26,6,3,7933,Domain-based,(warm start),10,1,14,165,1.208395004,90.87882662,0,0.032016993,0.00571394,0.755376344,0.916666667,0.616666667,85,85,1.069247116,5,116,100,1.422413793,5004,2.36969697,67,6,2,2,2,2,1,0,1,0,2
258,258,26,6,3,7933,Domain-based,(warm start),10,1,15,167,2.08998704,92.96881366,0,0.300858974,0.56707716,0.755376344,0.927777778,0.622222222,86,86,1.002762599,5,114,93,1.464912281,4700,2.101796407,67,7,2,2,2,2,1,0,1,0,2
258,258,26,6,3,7933,Domain-based,(warm start),10,1,16,167,1.229469061,94.19828272,0,0.030973911,0.006798983,0.755376344,0.927777778,0.622222222,86,86,1.002762599,5,114,93,1.464912281,4700,2.101796407,67,7,2,2,2,2,1,0,1,0,2
258,258,26,6,3,7933,Domain-based,(warm start),10,1,17,169,3.460578918,97.65886164,0,0.028259039,2.316236973,0.758064516,0.938888889,0.627777778,87,87,0.999635701,5,113,91,1.495575221,4696,2.26035503,67,8,2,2,2,2,1,0,1,0,2
258,258,26,6,3,7933,Domain-based,(warm start),10,1,18,173,1.670363188,99.32922482,0,0.030133009,0.304254055,0.782258065,0.961111111,0.641666667,89,89,1.050637523,5,118,93,1.466101695,4824,2.202312139,67,10,2,2,2,2,1,0,1,0,2
258,258,26,6,3,7933,Domain-based,(warm start),10,1,19,177,1.715049982,101.0442748,0,0.02696085,0.361572027,0.795698925,0.983333333,0.655555556,91,91,1.067030965,5,119,94,1.487394958,4856,2.288135593,67,12,2,2,2,2,1,0,1,0,2
258,258,26,6,3,7933,Domain-based,(warm start),10,1,20,177,1.588026047,102.6323009,0,0.030250072,0.112082958,0.795698925,0.983333333,0.655555556,91,91,1.067030965,5,119,94,1.487394958,4856,2.288135593,67,12,2,2,2,2,1,0,1,0,2
258,258,26,6,3,7933,Domain-based,(warm start),10,1,21,179,1.655370951,104.2876718,0,0.023648977,0.365247965,0.803763441,0.994444444,0.663888889,92,92,1.053916211,5,120,93,1.491666667,5056,2.374301676,67,13,2,2,2,2,1,0,1,0,2
258,258,26,6,3,7933,Domain-based,(warm start),10,1,22,179,1.412295103,105.6999669,0,0.023328066,0.228684187,0.803763441,0.994444444,0.663888889,92,92,1.053916211,5,120,93,1.491666667,5056,2.374301676,67,13,2,2,2,2,1,0,1,0,2
258,258,26,6,3,7933,Domain-based,(warm start),10,1,23,179,1.600422144,107.3003891,0,0.029828072,0.151967049,0.803763441,0.994444444,0.663888889,92,92,1.053916211,5,120,93,1.491666667,5056,2.374301676,67,13,2,2,2,2,1,0,1,0,2
258,258,26,6,3,7933,Domain-based,(warm start),10,1,24,179,1.67782402,108.9782131,0,0.027597904,0.219254017,0.803763441,0.994444444,0.663888889,92,92,1.053916211,5,120,93,1.491666667,5056,2.374301676,67,13,2,2,2,2,1,0,1,0,2
258,258,26,6,3,7933,Domain-based,(warm start),10,1,25,179,1.53894496,110.517158,0,0.031171083,0.096894026,0.803763441,0.994444444,0.663888889,92,92,1.053916211,5,120,93,1.491666667,5056,2.374301676,67,13,2,2,2,2,1,0,1,0,2
258,258,26,6,3,7933,Domain-based,(warm start),10,1,26,179,1.446017981,111.963176,0,0.028799057,0.312315941,0.803763441,0.994444444,0.663888889,92,92,1.053916211,5,120,93,1.491666667,5056,2.374301676,67,13,2,2,2,2,1,0,1,0,2
258,258,26,6,3,7933,Domain-based,(warm start),10,1,27,179,1.840503931,113.8036799,0,0.028766155,0.202018976,0.803763441,0.994444444,0.663888889,92,92,1.053916211,5,120,93,1.491666667,5056,2.374301676,67,13,2,2,2,2,1,0,1,0,2
258,258,26,6,3,7933,Domain-based,(warm start),10,1,28,179,1.921262026,115.724942,0,0.02633214,0.403074026,0.803763441,0.994444444,0.663888889,92,92,1.053916211,5,120,93,1.491666667,5056,2.374301676,67,13,2,2,2,2,1,0,1,0,2
258,258,26,6,3,7933,Domain-based,(warm start),10,1,29,179,2.042108059,117.76705,0,0.029521942,0.014647007,0.803763441,0.994444444,0.663888889,92,92,1.053916211,5,120,93,1.491666667,5056,2.374301676,67,13,2,2,2,2,1,0,1,0,2
258,258,26,6,3,7933,Domain-based,(warm start),10,1,30,188,1.486593008,119.253643,0,0.032634974,0.216824055,0.838709677,1.044444444,0.691666667,95,95,1.08715847,5,124,93,1.516129032,5244,1.553191489,67,15,2,2,3,2,1,0,1,0,2
258,258,26,6,3,7933,Domain-based,(warm start),10,1,31,195,1.64609313,120.8997362,0,0.025159121,0.372219086,0.852150538,1.083333333,0.711111111,98,98,1.031147541,4,122,91,1.598360656,5076,1.574358974,67,17,3,2,3,2,1,0,1,0,2
258,258,26,6,3,7933,Domain-based,(warm start),10,1,32,195,1.860141993,122.7598782,0,0.022755146,0.380204201,0.852150538,1.083333333,0.711111111,98,98,1.031147541,4,122,91,1.598360656,5076,1.574358974,67,17,3,2,3,2,1,0,1,0,2
258,258,26,6,3,7933,Domain-based,(warm start),10,1,33,195,1.169631004,123.9295092,0,0.023175955,0.00593996,0.852150538,1.083333333,0.711111111,98,98,1.031147541,4,122,91,1.598360656,5076,1.574358974,67,17,3,2,3,2,1,0,1,0,2
258,258,26,6,3,7933,Domain-based,(warm start),10,1,34,195,6.063701153,129.9932103,0,0.026844978,5.041538954,0.852150538,1.083333333,0.711111111,98,98,1.031147541,4,122,91,1.598360656,5076,1.574358974,67,17,3,2,3,2,1,0,1,0,2
258,258,26,6,3,7933,Domain-based,(warm start),10,1,35,195,2.42484498,132.4180553,0,0.022866964,1.176944017,0.852150538,1.083333333,0.711111111,98,98,1.031147541,4,122,91,1.598360656,5076,1.574358974,67,17,3,2,3,2,1,0,1,0,2
258,258,26,6,3,7933,Domain-based,(warm start),10,1,36,197,2.915318012,135.3333733,0,0.071597815,1.565984011,0.852150538,1.094444444,0.716666667,99,99,1.031967213,4,120,92,1.641666667,4956,1.604060914,67,18,3,2,3,2,1,0,1,0,2
258,258,26,6,3,7933,Domain-based,(warm start),10,1,37,199,1.911221027,137.2445943,0,0.024255991,0.545547009,0.852150538,1.105555556,0.719444444,100,100,1.014359441,4,118,91,1.686440678,4848,1.64321608,67,19,3,2,3,2,1,0,1,0,2
258,258,26,6,3,7933,Domain-based,(warm start),10,1,38,199,1.271276951,138.5158713,0,0.024468899,0.006087065,0.852150538,1.105555556,0.719444444,100,100,1.014359441,4,118,91,1.686440678,4848,1.64321608,67,19,3,2,3,2,1,0,1,0,2
258,258,26,6,3,7933,Domain-based,(warm start),10,1,39,201,3.027990818,141.5438621,0,0.022794962,1.761789083,0.860215054,1.116666667,0.725,101,101,1.029022465,4,119,92,1.68907563,4820,1.537313433,67,20,3,2,3,2,1,0,1,0,2
258,258,26,6,3,7933,Domain-based,(warm start),10,1,40,201,1.650287867,143.19415,0,0.026576042,0.225462914,0.860215054,1.116666667,0.725,101,101,1.029022465,4,119,92,1.68907563,4820,1.537313433,67,20,3,2,3,2,1,0,1,0,2
258,258,26,6,3,7933,Domain-based,(warm start),10,1,41,201,2.18303895,145.3771889,0,0.02374506,0.703454971,0.860215054,1.116666667,0.725,101,101,1.029022465,4,119,92,1.68907563,4820,1.537313433,67,20,3,2,3,2,1,0,1,0,2
258,258,26,6,3,7933,Domain-based,(warm start),10,1,42,201,1.146116018,146.5233049,0,0.023938894,0.007040977,0.860215054,1.116666667,0.725,101,101,1.029022465,4,119,92,1.68907563,4820,1.537313433,67,20,3,2,3,2,1,0,1,0,2
258,258,26,6,3,7933,Domain-based,(warm start),10,1,43,201,2.486714125,149.0100191,0,0.021147966,1.318139791,0.860215054,1.116666667,0.725,101,101,1.029022465,4,119,92,1.68907563,4820,1.537313433,67,20,3,2,3,2,1,0,1,0,2
258,258,26,6,3,7933,Domain-based,(warm start),10,1,44,201,2.809685946,151.819705,0,0.026314974,1.406955957,0.860215054,1.116666667,0.725,101,101,1.029022465,4,119,92,1.68907563,4820,1.537313433,67,20,3,2,3,2,1,0,1,0,2
258,258,26,6,3,7933,Domain-based,(warm start),10,1,45,204,3.138267994,154.957973,0,0.023113012,1.842389107,0.86827957,1.133333333,0.733333333,102,102,1.028111718,4,119,92,1.714285714,4928,1.578431373,67,20,4,2,3,2,1,0,1,0,2
258,258,26,6,3,7933,Domain-based,(warm start),10,1,46,204,1.273910046,156.231883,0,0.025913,0.006908894,0.86827957,1.133333333,0.733333333,102,102,1.028111718,4,119,92,1.714285714,4928,1.578431373,67,20,4,2,3,2,1,0,1,0,2
258,258,26,6,3,7933,Domain-based,(warm start),10,1,47,209,1.781639814,158.0135229,0,0.022575855,0.474249125,0.876344086,1.161111111,0.747222222,104,104,1.012629022,5,117,91,1.786324786,4888,1.693779904,67,21,5,2,3,2,1,0,1,0,2
258,258,26,6,3,7933,Domain-based,(warm start),10,1,48,209,1.243098974,159.2566218,0,0.023136854,0.006535053,0.876344086,1.161111111,0.747222222,104,104,1.012629022,5,117,91,1.786324786,4888,1.693779904,67,21,5,2,3,2,1,0,1,0,2
258,258,26,6,3,7933,Domain-based,(warm start),10,1,49,211,2.175246954,161.4318688,0,0.024080038,0.640407801,0.876344086,1.172222222,0.75,105,105,0.993685489,5,115,88,1.834782609,4788,1.687203791,67,22,5,2,3,2,1,0,1,0,2
258,258,26,6,3,7933,Domain-based,(warm start),10,1,50,211,2.127404928,163.5592737,0,0.026761055,0.647720098,0.876344086,1.172222222,0.75,105,105,0.993685489,5,115,88,1.834782609,4788,1.687203791,67,22,5,2,3,2,1,0,1,0,2
253,253,26,6,3,7933,Learn-then-optimize,(cold start),20,1,0,0,0,0,0,0,0,0,0,0,0,0,0,0,0,#DIV/0!,0,0,0,0,0,0,0,0,0,0,0,0,0,0
253,253,26,6,3,7933,Learn-then-optimize,(cold start),20,1,1,50,54.30699992,54.30699992,29.24799991,5.01699996,0.174731183,0.277777778,0.169444444,45,45,0.128415301,6,15,14,3.333333333,628,1.06,42,2,0,1,0,0,0,0,0,0,0,0
253,253,26,6,3,7933,Learn-then-optimize,(cold start),20,1,2,98,27.70500016,82.01200008,21.39700007,5.009000063,0.346774194,0.544444444,0.333333333,67,67,0.263205829,6,31,27,3.161290323,1152,1.030612245,53,10,1,1,1,0,0,0,0,0,1,0
253,253,26,6,3,7933,Learn-then-optimize,(cold start),20,1,3,141,26.99399996,109.006,20.67700005,5.008000135,0.510752688,0.783333333,0.483333333,85,85,0.427140255,6,49,43,2.87755102,1824,0.978723404,62,13,5,1,2,0,0,0,0,0,2,0
253,253,26,6,3,7933,Learn-then-optimize,(cold start),20,1,4,182,23.16100001,132.1670001,17.34100008,5.006999969,0.666666667,1.011111111,0.625,96,96,0.529143898,6,66,56,2.757575758,2372,0.961538462,63,15,9,2,3,1,0,0,1,0,2,0
253,253,26,6,3,7933,Learn-then-optimize,(cold start),20,1,5,222,25.3039999,157.471,21.06200004,3.326999903,0.830645161,1.233333333,0.763888889,107,107,0.701275046,6,87,64,2.551724138,3208,0.972972973,63,17,11,7,5,1,0,0,1,0,2,0
253,253,26,6,3,7933,Learn-then-optimize,(cold start),20,1,6,241,22.7579999,180.2289999,21.3039999,0.274999857,0.922043011,1.338888889,0.833333333,111,111,0.807832423,5,102,69,2.362745098,3856,1.033195021,63,17,12,8,6,1,1,0,1,0,2,0
253,253,26,6,3,7933,Learn-then-optimize,(cold start),20,1,7,243,26.57499981,206.8039997,20.75099993,5.003999949,0.932795699,1.35,0.844444444,110,110,0.827868852,5,104,71,2.336538462,3948,1.041152263,61,17,12,9,6,1,1,0,1,0,2,0
253,253,26,6,3,7933,Learn-then-optimize,(cold start),20,1,8,243,26.94799995,233.7519996,21.02099991,5.000999928,0.932795699,1.35,0.844444444,110,110,0.827868852,5,104,71,2.336538462,3948,1.041152263,61,17,12,9,6,1,1,0,1,0,2,0
253,253,26,6,3,7933,Learn-then-optimize,(cold start),20,1,9,247,21.22400022,254.9759998,19.30400014,0.661999941,0.959677419,1.372222222,0.858333333,113,113,0.873770492,5,110,72,2.245454545,4120,1.109311741,63,18,12,9,6,1,1,0,1,0,2,0
253,253,26,6,3,7933,Learn-then-optimize,(cold start),20,1,10,249,22.51799989,277.4939997,20.68099999,0.687000036,0.956989247,1.383333333,0.863888889,114,114,0.839162113,5,107,72,2.327102804,4008,1.080321285,63,19,12,9,6,1,1,0,1,0,2,0
253,253,26,6,3,7933,Learn-then-optimize,(cold start),20,1,11,249,26.6730001,304.1669998,20.796,5.00999999,0.956989247,1.383333333,0.863888889,114,114,0.839162113,5,107,72,2.327102804,4008,1.080321285,63,19,12,9,6,1,1,0,1,0,2,1
253,253,26,6,3,7933,Learn-then-optimize,(cold start),20,1,12,249,22.22099996,326.3879998,20.99000001,0.378999949,0.956989247,1.383333333,0.863888889,114,114,0.839162113,5,107,72,2.327102804,4008,1.080321285,63,19,12,9,6,1,1,0,1,0,2,1
253,253,26,6,3,7933,Learn-then-optimize,(cold start),20,1,13,249,22.67799997,349.0659997,20.74600005,0.681999922,0.956989247,1.383333333,0.863888889,114,114,0.839162113,5,107,72,2.327102804,4008,1.080321285,63,19,12,9,6,1,1,0,1,0,2,1
253,253,26,6,3,7933,Learn-then-optimize,(cold start),20,1,14,252,26.46499991,375.5309997,20.68399978,5.012000084,0.97311828,1.4,0.872222222,115,115,0.876654523,5,110,72,2.290909091,4276,1.095238095,62,21,12,9,6,1,1,0,1,0,2,1
253,253,26,6,3,7933,Learn-then-optimize,(cold start),20,1,15,252,26.796,402.3269997,20.92400002,5.013000011,0.97311828,1.4,0.872222222,115,115,0.876654523,5,110,72,2.290909091,4276,1.095238095,62,21,12,9,6,1,1,0,1,0,2,1
253,253,26,6,3,7933,Learn-then-optimize,(cold start),20,1,16,252,23.76099992,426.0879996,17.81500006,5.01699996,0.97311828,1.4,0.872222222,115,115,0.876654523,5,110,72,2.290909091,4276,1.095238095,62,21,12,9,6,1,1,0,1,0,2,1
253,253,26,6,3,7933,Learn-then-optimize,(cold start),20,1,17,252,18.09100008,444.1789997,16.25099993,0.644999981,0.97311828,1.4,0.872222222,115,115,0.876654523,5,110,72,2.290909091,4276,1.095238095,62,21,12,9,6,1,1,0,1,0,2,1
253,253,26,6,3,7933,Learn-then-optimize,(cold start),20,1,18,252,23.80699992,467.9859996,17.87399983,5.003999949,0.97311828,1.4,0.872222222,115,115,0.876654523,5,110,72,2.290909091,4276,1.095238095,62,21,12,9,6,1,1,0,1,0,2,1
253,253,26,6,3,7933,Learn-then-optimize,(cold start),20,1,19,252,24.19700003,492.1829996,18.30800009,5.008000135,0.97311828,1.4,0.872222222,115,115,0.876654523,5,110,72,2.290909091,4276,1.095238095,62,21,12,9,6,1,1,0,1,0,2,1
253,253,26,6,3,7933,Learn-then-optimize,(cold start),20,1,20,252,22.421,500,20.74699998,0.480999947,0.97311828,1.4,0.872222222,115,115,0.876654523,5,110,72,2.290909091,4276,1.095238095,62,21,12,9,6,1,1,0,1,0,2,1
253,253,26,6,3,7933,Learn-then-optimize,(cold start),20,1,21,252,20.4749999,535.0789995,14.42700005,5.003000021,0.97311828,1.4,0.872222222,115,115,0.876654523,5,110,72,2.290909091,4276,1.095238095,62,21,12,9,6,1,1,0,1,0,2,1
253,253,26,6,3,7933,Learn-then-optimize,(cold start),20,1,22,252,19.773,554.8519995,18.04999995,0.773999929,0.97311828,1.4,0.872222222,115,115,0.876654523,5,110,72,2.290909091,4276,1.095238095,62,21,12,9,6,1,1,0,1,0,2,1
253,253,26,6,3,7933,Learn-then-optimize,(cold start),20,1,23,252,22.90900016,577.7609997,17.13500023,5.00999999,0.97311828,1.4,0.872222222,115,115,0.876654523,5,110,72,2.290909091,4276,1.095238095,62,21,12,9,6,1,1,0,1,0,2,1
253,253,26,6,3,7933,Learn-then-optimize,(cold start),20,1,24,252,20.79299998,598.5539997,14.59899998,5.000999928,0.97311828,1.4,0.872222222,115,115,0.876654523,5,110,72,2.290909091,4276,1.095238095,62,21,12,9,6,1,1,0,1,0,2,1
253,253,26,6,3,7933,Learn-then-optimize,(cold start),20,1,25,252,15.82700014,614.3809998,14.24699998,0.677000046,0.97311828,1.4,0.872222222,115,115,0.876654523,5,110,72,2.290909091,4276,1.095238095,62,21,12,9,6,1,1,0,1,0,2,1
253,253,26,6,3,7933,Learn-then-optimize,(cold start),20,1,26,252,26.06900001,640.4499998,21.00999999,4.142999887,0.97311828,1.4,0.872222222,115,115,0.876654523,5,110,72,2.290909091,4276,1.095238095,62,21,12,9,6,1,1,0,1,0,2,1
253,253,26,6,3,7933,Learn-then-optimize,(cold start),20,1,27,252,26.98300004,667.4329998,21.01200008,5.047999859,0.97311828,1.4,0.872222222,115,115,0.876654523,5,110,72,2.290909091,4276,1.095238095,62,21,12,9,6,1,1,0,1,0,2,1
253,253,26,6,3,7933,Learn-then-optimize,(cold start),20,1,28,252,16.25399995,683.6869998,14.6639998,0.430000067,0.97311828,1.4,0.872222222,115,115,0.876654523,5,110,72,2.290909091,4276,1.095238095,62,21,12,9,6,1,1,0,1,0,2,1
253,253,26,6,3,7933,Learn-then-optimize,(cold start),20,1,29,252,16.24000001,699.9269998,14.6309998,0.667999983,0.97311828,1.4,0.872222222,115,115,0.876654523,5,110,72,2.290909091,4276,1.095238095,62,21,12,9,6,1,1,0,1,0,2,1
253,253,26,6,3,7933,Learn-then-optimize,(cold start),20,1,30,253,24.9849999,724.9119997,20.78799987,3.496000051,0.97311828,1.405555556,0.875,116,116,0.846599879,5,109,71,2.321100917,4124,1.114624506,63,21,12,9,6,1,1,0,1,0,2,1
259,259,26,6,3,7933,Randomized,(cold start),10,1,0,0,0.005964994,0.005964994,0.005964994,0,0,0,0,0,0,0,0,0,0,0,#DIV/0!,0,0,0,0,0,0,0,0,0,0,0,0,0
259,259,26,6,3,7933,Randomized,(cold start),10,1,1,16,18.435812,18.44177699,0,1.271859884,0.090340853,0.077956989,0.088888889,0.066666667,11,11,0.081967213,4,13,13,1.230769231,596,1,7,3,1,0,0,0,0,0,0,0,0
259,259,26,6,3,7933,Randomized,(cold start),10,1,2,35,1.779560089,20.22133708,0,0.011652946,0.149374008,0.169354839,0.194444444,0.138888889,20,20,0.329690346,4,28,27,1.25,1232,1,11,6,2,0,0,1,0,0,0,0,0
259,259,26,6,3,7933,Randomized,(cold start),10,1,3,51,1.276374102,21.49771118,0,0.004423141,0.075057983,0.244623656,0.283333333,0.205555556,30,30,0.470856102,4,40,39,1.275,1824,0.960784314,16,10,3,0,0,1,0,0,0,0,0
259,259,26,6,3,7933,Randomized,(cold start),10,1,4,62,1.730888128,23.22859931,0,0.276909828,0.075049162,0.287634409,0.344444444,0.241666667,36,36,0.520491803,4,45,41,1.377777778,2076,1,19,11,5,0,0,1,0,0,0,0,0
259,259,26,6,3,7933,Randomized,(cold start),10,1,5,67,1.949082136,25.17768145,0,0.244327068,0.122056007,0.314516129,0.372222222,0.261111111,39,39,0.548724954,4,50,45,1.34,2400,1.029850746,21,11,6,0,0,1,0,0,0,0,0
259,259,26,6,3,7933,Randomized,(cold start),10,1,6,81,1.627772093,26.80545354,0,0.00475502,0.147993803,0.379032258,0.45,0.311111111,47,47,0.642531876,4,60,50,1.35,2884,1.012345679,25,13,8,0,0,1,0,0,0,0,0
259,259,26,6,3,7933,Randomized,(cold start),10,1,7,85,1.54372716,28.3491807,0,0.004518986,0.081310034,0.405913978,0.472222222,0.330555556,51,51,0.742076503,4.533333333,66,55,1.287878788,3224,1.035294118,29,13,8,0,0,1,0,0,0,0,0
259,259,26,6,3,7933,Randomized,(cold start),10,1,8,86,1.734951019,30.08413172,0,0.004656076,0.2986269,0.411290323,0.477777778,0.336111111,52,52,0.795810565,4.533333333,67,56,1.28358209,3372,0.965116279,30,13,8,0,0,1,0,0,0,0,0
259,259,26,6,3,7933,Randomized,(cold start),10,1,9,91,1.697678089,31.78180981,0,0.004744053,0.168060064,0.424731183,0.505555556,0.355555556,56,56,0.808864602,5,67,55,1.358208955,3260,1.087912088,33,14,8,0,0,1,0,0,0,0,0
259,259,26,6,3,7933,Randomized,(cold start),10,1,10,91,1.437101841,33.21891165,0,0.004966021,0.133786917,0.424731183,0.505555556,0.355555556,56,56,0.808864602,5,67,55,1.358208955,3260,1.087912088,33,14,8,0,0,1,0,0,0,0,0
259,259,26,6,3,7933,Randomized,(cold start),10,1,11,96,1.640165091,34.85907674,0,0.006697178,0.158712864,0.448924731,0.533333333,0.377777778,59,59,0.894444444,5,71,58,1.352112676,3364,1.083333333,34,16,8,0,0,1,0,0,0,0,0
259,259,26,6,3,7933,Randomized,(cold start),10,1,12,106,1.470388174,36.32946491,0,0.004643917,0.295918941,0.491935484,0.588888889,0.411111111,65,65,0.939981785,5,77,62,1.376623377,3652,1.066037736,39,16,8,0,1,1,0,0,0,0,0
259,259,26,6,3,7933,Randomized,(cold start),10,1,13,107,1.240236044,37.56970096,0,0.00563097,0.086483002,0.489247312,0.594444444,0.416666667,66,66,0.938312083,5,75,60,1.426666667,3392,1.112149533,40,16,8,0,1,1,0,0,0,0,0
259,259,26,6,3,7933,Randomized,(cold start),10,1,14,108,1.765685081,39.33538604,0,0.005098104,0.146919966,0.497311828,0.6,0.422222222,67,67,0.960261081,5,77,61,1.402597403,3476,1.361111111,41,16,8,0,1,1,0,0,0,0,0
259,259,26,6,3,7933,Randomized,(cold start),10,1,15,110,1.686038971,41.02142501,0,0.006888151,0.143115997,0.510752688,0.611111111,0.427777778,69,69,0.932938676,4.266666667,80,63,1.375,3688,1.381818182,43,16,8,0,1,1,0,0,0,0,0
259,259,26,6,3,7933,Randomized,(cold start),10,1,16,113,1.567868948,42.58929396,0,0.006025076,0.326416016,0.521505376,0.627777778,0.436111111,71,71,0.934669095,4.366666667,81,63,1.395061728,3652,1.495575221,44,17,8,0,1,1,0,0,0,0,0
259,259,26,6,3,7933,Randomized,(cold start),10,1,17,122,1.452926874,44.04222083,0,0.004513979,0.117966175,0.561827957,0.677777778,0.469444444,75,75,1.0691864,4.55,87,66,1.402298851,3876,1.62295082,46,18,8,0,2,1,0,0,0,0,0
259,259,26,6,3,7933,Randomized,(cold start),10,1,18,123,1.680423021,45.72264385,0,0.004693985,0.172706127,0.561827957,0.683333333,0.472222222,76,76,1.077383121,4.583333333,86,65,1.430232558,3832,1.658536585,47,18,8,0,2,1,0,0,0,0,0
259,259,26,6,3,7933,Randomized,(cold start),10,1,19,123,1.094375849,46.8170197,0,0.0057199,0.09485507,0.561827957,0.683333333,0.472222222,76,76,1.077383121,4.583333333,86,65,1.430232558,3832,1.658536585,47,18,8,0,2,1,0,0,0,0,0
259,259,26,6,3,7933,Randomized,(cold start),10,1,20,123,1.467144012,48.28416371,0,0.005021811,0.00357008,0.561827957,0.683333333,0.472222222,76,76,1.077383121,4.583333333,86,65,1.430232558,3832,1.658536585,47,18,8,0,2,1,0,0,0,0,0
259,259,26,6,3,7933,Randomized,(cold start),10,1,21,128,1.458683968,49.74284768,0,0.005978107,0.214450836,0.586021505,0.711111111,0.497222222,77,77,1.093472981,4.583333333,90,66,1.422222222,3992,1.6171875,47,18,8,0,3,1,0,0,0,0,0
259,259,26,6,3,7933,Randomized,(cold start),10,1,22,135,2.064415932,51.80726361,0,0.006191969,0.534947157,0.612903226,0.75,0.508333333,80,80,1.123679417,4.583333333,93,71,1.451612903,4220,1.503703704,48,19,8,1,3,1,0,0,0,0,0
259,259,26,6,3,7933,Randomized,(cold start),10,1,23,135,1.536451817,53.34371543,0,0.005286932,0.101178169,0.612903226,0.75,0.508333333,80,80,1.123679417,4.583333333,93,71,1.451612903,4220,1.503703704,48,19,8,1,3,1,0,0,0,0,0
259,259,26,6,3,7933,Randomized,(cold start),10,1,24,140,1.743652821,55.08736825,0,0.00491786,0.51915288,0.634408602,0.777777778,0.527777778,84,84,1.154644809,4.55,96,74,1.458333333,4288,1.492857143,51,20,8,1,3,1,0,0,0,0,0
259,259,26,6,3,7933,Randomized,(cold start),10,1,25,141,1.717336893,56.80470514,0,0.005031824,0.232456923,0.639784946,0.783333333,0.536111111,85,85,1.152823315,4.55,97,74,1.453608247,4376,1.496453901,52,20,8,1,3,1,0,0,0,0,0
259,259,26,6,3,7933,Randomized,(cold start),10,1,26,141,1.609528065,58.41423321,0,0.005700111,0.049145937,0.639784946,0.783333333,0.536111111,85,85,1.152823315,4.55,97,74,1.453608247,4376,1.496453901,52,20,8,1,3,1,0,0,0,0,0
259,259,26,6,3,7933,Randomized,(cold start),10,1,27,141,1.279850006,59.69408321,0,0.006912947,0.219733,0.639784946,0.783333333,0.536111111,85,85,1.152823315,4.55,97,74,1.453608247,4376,1.496453901,52,20,8,1,3,1,0,0,0,0,0
259,259,26,6,3,7933,Randomized,(cold start),10,1,28,141,1.414716959,61.10880017,0,0.004971981,0.001606941,0.639784946,0.783333333,0.536111111,85,85,1.152823315,4.55,97,74,1.453608247,4376,1.496453901,52,20,8,1,3,1,0,0,0,0,0
259,259,26,6,3,7933,Randomized,(cold start),10,1,29,141,1.477569818,62.58636999,0,0.00590086,0.522691011,0.639784946,0.783333333,0.536111111,85,85,1.152823315,4.55,97,74,1.453608247,4376,1.496453901,52,20,8,1,3,1,0,0,0,0,0
259,259,26,6,3,7933,Randomized,(cold start),10,1,30,143,1.588557005,64.174927,0,0.004679918,0.200958014,0.637096774,0.794444444,0.536111111,87,87,1.099908925,4.3,94,72,1.521276596,4284,1.440559441,54,20,8,1,3,1,0,0,0,0,0
259,259,26,6,3,7933,Randomized,(cold start),10,1,31,144,2.016368866,66.19129586,0,0.005021095,0.837428808,0.637096774,0.8,0.541666667,88,88,1.102034001,4.3,93,72,1.548387097,4260,1.472222222,55,20,8,1,3,1,0,0,0,0,0
259,259,26,6,3,7933,Randomized,(cold start),10,1,32,144,1.43699193,67.62828779,0,0.005727053,0.241018057,0.637096774,0.8,0.541666667,88,88,1.102034001,4.3,93,72,1.548387097,4260,1.472222222,55,20,8,1,3,1,0,0,0,0,0
259,259,26,6,3,7933,Randomized,(cold start),10,1,33,144,1.290147066,68.91843486,0,0.005500078,0.21687007,0.637096774,0.8,0.541666667,88,88,1.102034001,4.3,93,72,1.548387097,4260,1.472222222,55,20,8,1,3,1,0,0,0,0,0
259,259,26,6,3,7933,Randomized,(cold start),10,1,34,144,1.29122901,70.20966387,0,0.005676031,0.191418171,0.637096774,0.8,0.541666667,88,88,1.102034001,4.3,93,72,1.548387097,4260,1.472222222,55,20,8,1,3,1,0,0,0,0,0
259,259,26,6,3,7933,Randomized,(cold start),10,1,35,144,1.878653049,72.08831692,0,0.009829998,0.045023918,0.637096774,0.8,0.541666667,88,88,1.102034001,4.3,93,72,1.548387097,4260,1.472222222,55,20,8,1,3,1,0,0,0,0,0
259,259,26,6,3,7933,Randomized,(cold start),10,1,36,144,1.801129818,73.88944674,0,0.004912853,0.183714151,0.637096774,0.8,0.541666667,88,88,1.102034001,4.3,93,72,1.548387097,4260,1.472222222,55,20,8,1,3,1,0,0,0,0,0
259,259,26,6,3,7933,Randomized,(cold start),10,1,37,148,1.492310047,75.38175678,0,0.252839088,0.08990407,0.658602151,0.822222222,0.558333333,91,91,1.077443837,4.3,97,73,1.525773196,4416,1.547297297,57,21,8,1,3,1,0,0,0,0,0
259,259,26,6,3,7933,Randomized,(cold start),10,1,38,148,1.716738939,77.09849572,0,0.005166054,0.314285994,0.658602151,0.822222222,0.558333333,91,91,1.077443837,4.3,97,73,1.525773196,4416,1.547297297,57,21,8,1,3,1,0,0,0,0,0
259,259,26,6,3,7933,Randomized,(cold start),10,1,39,148,1.571321011,78.66981673,0,0.00484705,0.17480588,0.658602151,0.822222222,0.558333333,91,91,1.077443837,4.3,97,73,1.525773196,4416,1.547297297,57,21,8,1,3,1,0,0,0,0,0
259,259,26,6,3,7933,Randomized,(cold start),10,1,40,148,1.251065969,79.9208827,0,0.005365133,0.235227823,0.658602151,0.822222222,0.558333333,91,91,1.077443837,4.3,97,73,1.525773196,4416,1.547297297,57,21,8,1,3,1,0,0,0,0,0
259,259,26,6,3,7933,Randomized,(cold start),10,1,41,148,1.116070986,81.03695369,0,0.006052017,0.044848204,0.658602151,0.822222222,0.558333333,91,91,1.077443837,4.3,97,73,1.525773196,4416,1.547297297,57,21,8,1,3,1,0,0,0,0,0
259,259,26,6,3,7933,Randomized,(cold start),10,1,42,148,1.395138025,82.43209171,0,0.00504899,0.168787956,0.658602151,0.822222222,0.558333333,91,91,1.077443837,4.3,97,73,1.525773196,4416,1.547297297,57,21,8,1,3,1,0,0,0,0,0
259,259,26,6,3,7933,Randomized,(cold start),10,1,43,148,1.254014015,83.68610573,0,0.005357981,0.140833855,0.658602151,0.822222222,0.558333333,91,91,1.077443837,4.3,97,73,1.525773196,4416,1.547297297,57,21,8,1,3,1,0,0,0,0,0
259,259,26,6,3,7933,Randomized,(cold start),10,1,44,148,2.200474024,85.88657975,0,0.005970001,0.816635847,0.658602151,0.822222222,0.558333333,91,91,1.077443837,4.3,97,73,1.525773196,4416,1.547297297,57,21,8,1,3,1,0,0,0,0,0
259,259,26,6,3,7933,Randomized,(cold start),10,1,45,148,3.470321894,89.35690165,0,0.009748936,2.167783022,0.658602151,0.822222222,0.558333333,91,91,1.077443837,4.3,97,73,1.525773196,4416,1.547297297,57,21,8,1,3,1,0,0,0,0,0
259,259,26,6,3,7933,Randomized,(cold start),10,1,46,148,1.310847998,90.66774964,0,0.005896091,0.239701986,0.658602151,0.822222222,0.558333333,91,91,1.077443837,4.3,97,73,1.525773196,4416,1.547297297,57,21,8,1,3,1,0,0,0,0,0
259,259,26,6,3,7933,Randomized,(cold start),10,1,47,156,1.646489859,92.3142395,0,0.006017923,0.196140051,0.690860215,0.866666667,0.583333333,97,97,1.080935033,4.3,101,76,1.544554455,4552,1.474358974,61,23,8,1,3,1,0,0,0,0,0
259,259,26,6,3,7933,Randomized,(cold start),10,1,48,156,2.679253101,94.9934926,0,0.005934954,1.257466078,0.690860215,0.866666667,0.583333333,97,97,1.080935033,4.3,101,76,1.544554455,4552,1.474358974,61,23,8,1,3,1,0,0,0,0,0
259,259,26,6,3,7933,Randomized,(cold start),10,1,49,157,1.80317688,96.79666948,0,0.005371809,0.179754019,0.685483871,0.872222222,0.586111111,98,98,1.065998786,4.666666667,98,74,1.602040816,4468,1.414012739,62,23,8,1,3,1,0,0,0,0,0
259,259,26,6,3,7933,Randomized,(cold start),10,1,50,157,3.203150988,99.99982047,0,0.005944967,1.752820015,0.685483871,0.872222222,0.586111111,98,98,1.065998786,4.666666667,98,74,1.602040816,4468,1.414012739,62,23,8,1,3,1,0,0,0,0,0
257,257,26,6,3,7933,Domain-based,(cold start),10,1,0,0,0.005221844,0.005221844,0.005221844,0,0,0,0,0,0,0,0,0,0,0,#DIV/0!,0,0,0,0,0,0,0,0,0,0,0,0,0
257,257,26,6,3,7933,Domain-based,(cold start),10,1,1,15,18.50421906,18.5094409,0,2.33565712,0.141463041,0.072580645,0.083333333,0.061111111,9,9,0.119307832,4,12,10,1.25,404,1.2,5,2,2,0,0,0,0,0,0,0,0
257,257,26,6,3,7933,Domain-based,(cold start),10,1,2,39,1.596345186,20.10578609,0,0.061891079,0.220888853,0.182795699,0.216666667,0.15,19,19,0.284153005,4,29,24,1.344827586,1056,0.974358974,10,2,5,0,2,0,0,0,0,0,0
257,257,26,6,3,7933,Domain-based,(cold start),10,1,3,58,1.785483837,21.89126992,0,0.064724922,0.137249947,0.27688172,0.322222222,0.222222222,29,29,0.463934426,4,45,34,1.288888889,1752,1.068965517,15,4,7,1,2,0,0,0,0,0,0
257,257,26,6,3,7933,Domain-based,(cold start),10,1,4,80,1.694523096,23.58579302,0,0.060177088,0.152711868,0.387096774,0.444444444,0.311111111,38,38,0.649119611,4.333333333,64,45,1.25,2404,1.125,18,7,8,1,4,0,0,0,0,0,0
257,257,26,6,3,7933,Domain-based,(cold start),10,1,5,90,2.085518837,25.67131186,0,0.297070026,0.134995937,0.427419355,0.5,0.347222222,44,44,0.73989071,4.333333333,69,48,1.304347826,2616,1.188888889,22,8,8,2,4,0,0,0,0,0,0
257,257,26,6,3,7933,Domain-based,(cold start),10,1,6,101,1.710857868,27.38216972,0,0.043243885,0.149899006,0.465053763,0.561111111,0.377777778,49,49,0.786369156,4.333333333,72,51,1.402777778,2724,1.168316832,25,9,8,2,4,1,0,0,0,0,0
257,257,26,6,3,7933,Domain-based,(cold start),10,1,7,107,1.364088058,28.74625778,0,0.044852018,0.083698988,0.494623656,0.594444444,0.408333333,54,54,0.770795386,4.333333333,77,52,1.38961039,3012,1.299065421,29,10,8,2,4,1,0,0,0,0,0
257,257,26,6,3,7933,Domain-based,(cold start),10,1,8,113,1.652497053,30.39875484,0,0.042230129,0.130190849,0.529569892,0.627777778,0.436111111,57,57,0.843290832,4.5,84,55,1.345238095,3260,1.292035398,29,13,8,2,4,1,0,0,0,0,0
257,257,26,6,3,7933,Domain-based,(cold start),10,1,9,119,1.144222975,31.54297781,0,0.041789055,0.085981131,0.553763441,0.661111111,0.461111111,61,61,0.866970249,4.5,87,57,1.367816092,3420,1.445378151,32,13,9,2,4,1,0,0,0,0,0
257,257,26,6,3,7933,Domain-based,(cold start),10,1,10,122,1.400425196,32.94340301,0,0.037168026,0.127835989,0.575268817,0.677777778,0.477777778,64,64,0.889101396,4.5,92,59,1.326086957,3708,1.590163934,35,13,9,2,4,1,0,0,0,0,0
257,257,26,6,3,7933,Domain-based,(cold start),10,1,11,127,1.356939077,34.30034208,0,0.03380394,0.112416029,0.594086022,0.705555556,0.494444444,67,67,0.89486946,4.5,94,61,1.35106383,3820,1.692913386,37,13,10,2,4,1,0,0,0,0,0
257,257,26,6,3,7933,Domain-based,(cold start),10,1,12,132,1.734786987,36.03512907,0,0.039309025,0.120693922,0.61827957,0.733333333,0.519444444,70,70,0.94605343,4.5,98,63,1.346938776,4128,1.727272727,38,15,10,2,4,1,0,0,0,0,0
257,257,26,6,3,7933,Domain-based,(cold start),10,1,13,134,1.706081152,37.74121022,0,0.03665185,0.108411074,0.61827957,0.744444444,0.522222222,72,72,0.901426837,5,96,60,1.395833333,3988,1.731343284,40,15,10,2,4,1,0,0,0,0,0
257,257,26,6,3,7933,Domain-based,(cold start),10,1,14,136,1.388697863,39.12990808,0,0.031404018,0.103032112,0.620967742,0.755555556,0.527777778,74,74,0.919095325,4.5,95,63,1.431578947,4064,1.860294118,42,15,10,2,4,1,0,0,0,0,0
257,257,26,6,3,7933,Domain-based,(cold start),10,1,15,138,1.37678194,40.50669003,0,0.031594038,0.141208887,0.623655914,0.766666667,0.527777778,76,76,0.921675774,4.333333333,94,64,1.468085106,3968,1.876811594,44,15,10,2,4,1,0,0,0,0,0
257,257,26,6,3,7933,Domain-based,(cold start),10,1,16,149,1.707744122,42.21443415,0,0.031799078,0.412590981,0.653225806,0.827777778,0.563888889,79,79,0.938615665,4.333333333,94,66,1.585106383,3956,1.838926174,46,15,10,2,4,1,0,0,1,0,0
257,257,26,6,3,7933,Domain-based,(cold start),10,1,17,149,1.209872007,43.42430615,0,0.098461866,0.009912014,0.653225806,0.827777778,0.563888889,79,79,0.938615665,4.333333333,94,66,1.585106383,3956,1.838926174,46,15,10,2,4,1,0,0,1,0,0
257,257,26,6,3,7933,Domain-based,(cold start),10,1,18,151,1.546771049,44.9710772,0,0.088874102,0.291465044,0.661290323,0.838888889,0.575,81,81,0.972829387,4,95,66,1.589473684,3912,1.735099338,48,15,10,2,4,1,0,0,1,0,0
257,257,26,6,3,7933,Domain-based,(cold start),10,1,19,153,2.051990032,47.02306724,0,0.100136042,0.220026016,0.666666667,0.85,0.577777778,83,83,0.941863995,4,95,66,1.610526316,3956,1.85620915,50,15,10,2,4,1,0,0,1,0,0
257,257,26,6,3,7933,Domain-based,(cold start),10,1,20,157,2.106701851,49.12976909,0,0.031667948,0.596624851,0.685483871,0.872222222,0.588888889,85,85,0.999848209,4.366666667,98,69,1.602040816,4196,1.821656051,51,15,11,2,4,1,0,0,1,0,0
257,257,26,6,3,7933,Domain-based,(cold start),10,1,21,159,1.492579222,50.62234831,0,0.030246019,0.198199034,0.696236559,0.883333333,0.594444444,86,86,1.006587735,4.3,100,68,1.59,4268,1.905660377,51,16,11,2,4,1,0,0,1,0,0
257,257,26,6,3,7933,Domain-based,(cold start),10,1,22,159,1.189272881,51.81162119,0,0.027114868,0.008679867,0.696236559,0.883333333,0.594444444,86,86,1.006587735,4.3,100,68,1.59,4268,1.905660377,51,16,11,2,4,1,0,0,1,0,0
257,257,26,6,3,7933,Domain-based,(cold start),10,1,23,159,1.422044039,53.23366523,0,0.035396099,0.148493052,0.696236559,0.883333333,0.594444444,86,86,1.006587735,4.3,100,68,1.59,4268,1.905660377,51,16,11,2,4,1,0,0,1,0,0
257,257,26,6,3,7933,Domain-based,(cold start),10,1,24,164,1.84452486,55.07819009,0,0.03170085,0.40515399,0.733870968,0.911111111,0.616666667,89,89,1.05941105,4.333333333,109,70,1.504587156,4652,1.804878049,52,18,11,2,4,1,0,0,1,0,0
257,257,26,6,3,7933,Domain-based,(cold start),10,1,25,166,1.616084099,56.69427419,0,0.030125141,0.190089941,0.744623656,0.922222222,0.622222222,91,91,1.044960534,4.3,111,73,1.495495495,4740,1.554216867,54,18,11,2,4,1,0,0,1,0,0
257,257,26,6,3,7933,Domain-based,(cold start),10,1,26,171,1.380302906,58.07457709,0,0.086186886,0.130223036,0.76344086,0.95,0.636111111,94,94,1.043139041,4.3,113,74,1.513274336,4796,1.643274854,55,20,11,2,4,1,0,0,1,0,0
257,257,26,6,3,7933,Domain-based,(cold start),10,1,27,175,1.656345844,59.73092294,0,0.02537179,0.225637913,0.77688172,0.972222222,0.652777778,96,96,1.054341226,4,114,78,1.535087719,4792,1.514285714,56,20,12,2,4,1,0,0,1,0,0
257,257,26,6,3,7933,Domain-based,(cold start),10,1,28,183,1.807054043,61.53797698,0,0.026819944,0.370481014,0.806451613,1.016666667,0.677777778,98,98,1.061627201,4.366666667,117,80,1.564102564,4928,1.480874317,56,21,12,2,4,2,0,0,1,0,0
257,257,26,6,3,7933,Domain-based,(cold start),10,1,29,187,2.054427147,63.59240413,0,0.024438143,0.590308189,0.814516129,1.038888889,0.686111111,99,99,1.070006072,4.266666667,116,81,1.612068966,4868,1.401069519,56,21,12,3,4,2,0,0,1,0,0
257,257,26,6,3,7933,Domain-based,(cold start),10,1,30,187,0.94049716,64.53290129,0,0.021003962,0.00498414,0.814516129,1.038888889,0.686111111,99,99,1.070006072,4.266666667,116,81,1.612068966,4868,1.401069519,56,21,12,3,4,2,0,0,1,0,0
257,257,26,6,3,7933,Domain-based,(cold start),10,1,31,187,1.151537895,65.68443918,0,0.021079063,0.016986847,0.814516129,1.038888889,0.686111111,99,99,1.070006072,4.266666667,116,81,1.612068966,4868,1.401069519,56,21,12,3,4,2,0,0,1,0,0
257,257,26,6,3,7933,Domain-based,(cold start),10,1,32,191,2.701133013,68.3855722,0,0.021691084,1.300376177,0.836021505,1.061111111,0.7,101,101,1.11900425,4.6,120,81,1.591666667,5048,1.371727749,57,21,13,3,4,2,0,0,1,0,0
257,257,26,6,3,7933,Domain-based,(cold start),10,1,33,194,1.88826704,70.27383924,0,0.021391869,0.540764093,0.836021505,1.077777778,0.705555556,103,103,1.081208257,4.6,117,82,1.658119658,4896,1.484536082,58,22,13,3,4,2,0,0,1,0,0
257,257,26,6,3,7933,Domain-based,(cold start),10,1,34,194,1.126128197,71.39996743,0,0.015118837,0.017781019,0.836021505,1.077777778,0.705555556,103,103,1.081208257,4.6,117,82,1.658119658,4896,1.484536082,58,22,13,3,4,2,0,0,1,0,0
257,257,26,6,3,7933,Domain-based,(cold start),10,1,35,194,1.955053806,73.35502124,0,0.019695044,0.802579165,0.836021505,1.077777778,0.705555556,103,103,1.081208257,4.6,117,82,1.658119658,4896,1.484536082,58,22,13,3,4,2,0,0,1,0,0
257,257,26,6,3,7933,Domain-based,(cold start),10,1,36,194,1.593779087,74.94880033,0,0.015587807,0.470483065,0.836021505,1.077777778,0.705555556,103,103,1.081208257,4.6,117,82,1.658119658,4896,1.484536082,58,22,13,3,4,2,0,0,1,0,0
257,257,26,6,3,7933,Domain-based,(cold start),10,1,37,194,1.350353956,76.29915428,0,0.017203093,0.250414133,0.836021505,1.077777778,0.705555556,103,103,1.081208257,4.6,117,82,1.658119658,4896,1.484536082,58,22,13,3,4,2,0,0,1,0,0
257,257,26,6,3,7933,Domain-based,(cold start),10,1,38,194,1.137866974,77.43702126,0,0.020726919,0.018765926,0.836021505,1.077777778,0.705555556,103,103,1.081208257,4.6,117,82,1.658119658,4896,1.484536082,58,22,13,3,4,2,0,0,1,0,0
257,257,26,6,3,7933,Domain-based,(cold start),10,1,39,196,1.586033106,79.02305436,0,0.019494057,0.384506941,0.838709677,1.088888889,0.711111111,104,104,1.088221008,4.266666667,116,82,1.689655172,4860,1.581632653,58,23,13,3,4,2,0,0,1,0,0
257,257,26,6,3,7933,Domain-based,(cold start),10,1,40,205,2.17041707,81.19347143,0,0.032031059,0.683647871,0.873655914,1.138888889,0.738888889,107,107,1.074802672,4.5,120,83,1.708333333,5128,1.390243902,58,25,13,3,5,2,0,0,1,0,0
257,257,26,6,3,7933,Domain-based,(cold start),10,1,41,207,3.118048906,84.31152034,0,0.021836042,1.630151033,0.889784946,1.15,0.747222222,109,109,1.058621736,4.5,124,83,1.669354839,5244,1.357487923,60,25,13,3,5,2,0,0,1,0,0
257,257,26,6,3,7933,Domain-based,(cold start),10,1,42,207,1.484678984,85.79619932,0,0.01723218,0.456745863,0.889784946,1.15,0.747222222,109,109,1.058621736,4.5,124,83,1.669354839,5244,1.357487923,60,25,13,3,5,2,0,0,1,0,0
257,257,26,6,3,7933,Domain-based,(cold start),10,1,43,207,6.212486982,92.0086863,0,0.017423868,5.010855198,0.889784946,1.15,0.747222222,109,109,1.058621736,4.5,124,83,1.669354839,5244,1.357487923,60,25,13,3,5,2,0,0,1,0,0
257,257,26,6,3,7933,Domain-based,(cold start),10,1,44,207,6.197273016,98.20595932,0,0.017500162,5.039063931,0.889784946,1.15,0.747222222,109,109,1.058621736,4.5,124,83,1.669354839,5244,1.357487923,60,25,13,3,5,2,0,0,1,0,0
257,257,26,6,3,7933,Domain-based,(cold start),10,1,45,207,1.709580898,99.91554022,0,0.014764071,0.020960093,0.889784946,1.15,0.747222222,109,109,1.058621736,4.5,124,83,1.669354839,5244,1.357487923,60,25,13,3,5,2,0,0,1,0,0
257,257,26,6,3,7933,Domain-based,(cold start),10,1,46,207,0.928242922,100.8437831,0,0.017237902,0.005607128,0.889784946,1.15,0.747222222,109,109,1.058621736,4.5,124,83,1.669354839,5244,1.357487923,60,25,13,3,5,2,0,0,1,0,0
257,257,26,6,3,7933,Domain-based,(cold start),10,1,47,207,1.093594074,101.9373772,0,0.017498016,0.019404888,0.889784946,1.15,0.747222222,109,109,1.058621736,4.5,124,83,1.669354839,5244,1.357487923,60,25,13,3,5,2,0,0,1,0,0
257,257,26,6,3,7933,Domain-based,(cold start),10,1,48,207,1.16188097,103.0992582,0,0.017818928,0.007784843,0.889784946,1.15,0.747222222,109,109,1.058621736,4.5,124,83,1.669354839,5244,1.357487923,60,25,13,3,5,2,0,0,1,0,0
257,257,26,6,3,7933,Domain-based,(cold start),10,1,49,207,2.114871979,105.2141302,0,0.017421007,0.760117054,0.889784946,1.15,0.747222222,109,109,1.058621736,4.5,124,83,1.669354839,5244,1.357487923,60,25,13,3,5,2,0,0,1,0,0
257,257,26,6,3,7933,Domain-based,(cold start),10,1,50,207,2.564908028,107.7790382,0,0.017780066,1.283029795,0.889784946,1.15,0.747222222,109,109,1.058621736,4.5,124,83,1.669354839,5244,1.357487923,60,25,13,3,5,2,0,0,1,0,0
,,,,,,Domain-based,(cold start),,,51,207,,500,,,,,,,,,,,,,,,,,,,,,,,,,,
,,,,,,Domain-based,(warm start),,,51,211,,500,,,,,,,,,,,,,,,,,,,,,,,,,,
,,,,,,Learn-then-optimize,(cold start),,,50,253,,725,,,,,,,,,,,,,,,,,,,,,,,,,,
,,,,,,Learn-then-optimize,(warm start),,,50,186,,500,,,,,,,,,,,,,,,,,,,,,,,,,,
,,,,,,Randomized,(cold start),,,51,157,,500,,,,,,,,,,,,,,,,,,,,,,,,,,
,,,,,,Randomized,(warm start),,,51,139,,500,,,,,,,,,,,,,,,,,,,,,,,,,,
651,651,26,6,3,7933,Learning-enhanced,(cold start),,,0,0,0,0,0,0,0,0,0,0,0,0,0,0,0,NaN,0,0,0,0,0,0,0,0,0,0,0,0,0,
651,651,26,6,3,7933,Learning-enhanced,(cold start),,,1,20,95.76300001,95.76300001,68.90400004,0.164999962,0.088709677,0.111111111,0.077777778,12,12,0.144808743,4,13,13,1.538461538,576,0.9,8,1,2,1,0,0,0,0,0,0,0,
651,651,26,6,3,7933,Learning-enhanced,(cold start),,,2,27,131.4549999,227.2179999,129.5509999,0.361999989,0.120967742,0.15,0.1,18,18,0.206739526,4,18,18,1.5,928,0.962962963,13,2,2,1,0,0,0,0,0,0,0,
651,651,26,6,3,7933,Learning-enhanced,(cold start),,,3,39,69.47000003,296.688,68.08200002,0.103999853,0.180107527,0.216666667,0.15,28,28,0.307832423,4,28,27,1.444444444,1436,1,21,4,2,1,0,0,0,0,0,0,0,
651,651,26,6,3,7933,Learning-enhanced,(cold start),,,4,56,64.16099977,360.8489997,63.204,0.088999987,0.26344086,0.311111111,0.219444444,39,39,0.433515483,4,42,39,1.435897436,2128,1.017857143,29,5,3,2,0,0,0,0,0,0,0,
651,651,26,6,3,7933,Learning-enhanced,(cold start),,,5,68,50.66800022,411.517,49.49100018,0.105999947,0.314516129,0.377777778,0.269444444,48,48,0.50273224,4,49,45,1.511111111,2484,1.147058824,35,8,3,2,0,0,0,0,0,0,0,
651,651,26,6,3,7933,Learning-enhanced,(cold start),,,6,84,50.68599987,462.2029998,49.72099996,0.09499979,0.389784946,0.466666667,0.327777778,57,57,0.518214936,4,61,54,1.555555556,3072,1.166666667,41,9,4,2,1,0,0,0,0,0,0,
651,651,26,6,3,7933,Learning-enhanced,(cold start),,,7,87,51.73099995,500,50.73699999,0.072999954,0.400537634,0.483333333,0.336111111,59,59,0.538251366,4,62,55,1.581818182,3068,1.172413793,42,10,4,2,1,0,0,0,0,0,0,
651,651,26,6,3,7933,Learning-enhanced,(cold start),,,8,102,52.70500016,566.6389999,51.56700015,0.189999819,0.47311828,0.566666667,0.386111111,64,64,0.641165756,4,74,63,1.619047619,3652,1.078431373,43,10,6,4,1,0,0,0,0,0,0,
651,651,26,6,3,7933,Learning-enhanced,(cold start),,,9,106,88.5079999,655.1469998,86.16199994,0.226000071,0.494623656,0.588888889,0.405555556,66,66,0.695081967,4,78,66,1.606060606,3744,1.160377358,43,12,6,4,1,0,0,0,0,0,0,
651,651,26,6,3,7933,Learning-enhanced,(cold start),,,10,123,95.97200012,751.119,94.16100001,0.162999868,0.575268817,0.683333333,0.469444444,71,71,0.809836066,4,91,75,1.64,4388,1.105691057,46,12,7,4,1,0,0,0,0,0,1,
651,651,26,6,3,7933,Learning-enhanced,(cold start),,,11,123,96.33599997,847.4549999,94.227,0.292999983,0.575268817,0.683333333,0.469444444,71,71,0.809836066,4,91,75,1.64,4388,1.105691057,46,12,7,4,1,0,0,0,0,0,1,
651,651,26,6,3,7933,Learning-enhanced,(cold start),,,12,128,93.46399999,940.9189999,91.23099995,0.575999975,0.596774194,0.711111111,0.486111111,73,73,0.853551913,4,94,73,1.753424658,4476,1.125,47,12,7,5,1,0,0,0,0,0,1,
651,651,26,6,3,7933,Learning-enhanced,(cold start),,,13,128,92.84700012,1033.766,90.80500007,0.335000038,0.596774194,0.711111111,0.486111111,73,73,0.853551913,4,94,73,1.753424658,4476,1.125,47,12,7,5,1,0,0,0,0,0,1,
651,651,26,6,3,7933,Learning-enhanced,(cold start),,,14,129,96.477,1130.243,94.51699996,0.18900013,0.60483871,0.716666667,0.497222222,74,74,0.856284153,4,96,71,1.816901408,4492,1.310077519,48,12,7,5,1,0,0,0,0,0,1,
651,651,26,6,3,7933,Learning-enhanced,(cold start),,,15,130,96.02999997,1226.273,94.35899997,0.187000036,0.60483871,0.722222222,0.494444444,75,75,0.846265938,4,95,72,1.805555556,4440,1.384615385,49,12,7,5,1,0,0,0,0,0,1,
651,651,26,6,3,7933,Learning-enhanced,(cold start),,,16,130,96.45000005,1322.723,93.91700006,0.717999935,0.60483871,0.722222222,0.494444444,75,75,0.846265938,4,95,72,1.805555556,4440,1.384615385,49,12,7,5,1,0,0,0,0,0,1,
651,651,26,6,3,7933,Learning-enhanced,(cold start),,,17,130,98.22600007,1420.949,96.13499999,0.401000023,0.60483871,0.722222222,0.494444444,75,75,0.846265938,4,95,72,1.805555556,4440,1.384615385,49,12,7,5,1,0,0,0,0,0,1,
651,651,26,6,3,7933,Learning-enhanced,(cold start),,,18,130,87.81599998,1508.765,86.11399984,0.187000036,0.60483871,0.722222222,0.494444444,75,75,0.846265938,4,95,72,1.805555556,4440,1.384615385,49,12,7,5,1,0,0,0,0,0,1,
651,651,26,6,3,7933,Learning-enhanced,(cold start),,,19,132,76.16499996,1584.93,73.75300002,0.302000046,0.599462366,0.733333333,0.497222222,77,77,0.802550091,5,91,73,1.808219178,4300,1.431818182,51,12,7,5,1,0,0,0,0,0,1,
651,651,26,6,3,7933,Learning-enhanced,(cold start),,,20,132,76.64999986,1661.58,75.12899995,0.278999805,0.599462366,0.733333333,0.497222222,77,77,0.802550091,5,91,73,1.808219178,4300,1.431818182,51,12,7,5,1,0,0,0,0,0,1,
651,651,26,6,3,7933,Learning-enhanced,(cold start),,,21,132,67.00099993,1728.581,65.66799998,0.239000082,0.599462366,0.733333333,0.497222222,77,77,0.802550091,5,91,73,1.808219178,4300,1.431818182,51,12,7,5,1,0,0,0,0,0,1,
651,651,26,6,3,7933,Learning-enhanced,(cold start),,,22,134,72.87299991,1801.454,70.3039999,0.881000042,0.599462366,0.744444444,0.502777778,78,78,0.800728597,5,89,71,1.887323944,4188,1.455223881,51,13,7,5,1,0,0,0,0,0,1,
651,651,26,6,3,7933,Learning-enhanced,(cold start),,,23,134,72.95000005,1874.404,71.55900002,0.161999941,0.599462366,0.744444444,0.502777778,78,78,0.800728597,5,89,71,1.887323944,4188,1.455223881,51,13,7,5,1,0,0,0,0,0,1,
651,651,26,6,3,7933,Learning-enhanced,(cold start),,,24,134,75.57700014,1949.981,73.54900002,0.612999916,0.599462366,0.744444444,0.502777778,78,78,0.800728597,5,89,71,1.887323944,4188,1.455223881,51,13,7,5,1,0,0,0,0,0,1,
651,651,26,6,3,7933,Learning-enhanced,(cold start),,,25,134,74.41899991,2024.4,72.52800012,0.65500021,0.599462366,0.744444444,0.502777778,78,78,0.800728597,5,89,71,1.887323944,4188,1.455223881,51,13,7,5,1,0,0,0,0,0,1,
651,651,26,6,3,7933,Learning-enhanced,(cold start),,,26,134,67.87800002,2092.278,66.52800012,0.276000023,0.599462366,0.744444444,0.502777778,78,78,0.800728597,5,89,71,1.887323944,4188,1.455223881,51,13,7,5,1,0,0,0,0,0,1,
651,651,26,6,3,7933,Learning-enhanced,(cold start),,,27,134,70.20600009,2162.484,68.5480001,0.364000082,0.599462366,0.744444444,0.502777778,78,78,0.800728597,5,89,71,1.887323944,4188,1.455223881,51,13,7,5,1,0,0,0,0,0,1,
651,651,26,6,3,7933,Learning-enhanced,(cold start),,,28,140,66.77099991,2229.255,65.29099989,0.111000061,0.629032258,0.777777778,0.527777778,81,81,0.82003643,5,94,71,1.971830986,4412,1.521428571,52,14,8,5,1,0,0,0,0,0,1,
651,651,26,6,3,7933,Learning-enhanced,(cold start),,,29,142,69.88400006,2299.139,68.68700004,0.174999952,0.642473118,0.788888889,0.544444444,82,82,0.850091075,5,97,71,2,4556,1.521126761,52,15,8,5,1,0,0,0,0,0,1,
651,651,26,6,3,7933,Learning-enhanced,(cold start),,,30,143,71.27699995,2370.416,69.69900012,0.089999914,0.650537634,0.794444444,0.547222222,83,83,0.911111111,5,99,73,1.444444444,4800,1.566433566,53,15,8,5,1,0,0,0,0,0,1,
651,651,26,6,3,7933,Learning-enhanced,(cold start),,,31,143,74.51699996,2444.933,72.38899994,0.708000183,0.650537634,0.794444444,0.547222222,83,83,0.911111111,5,99,73,1.95890411,4800,1.566433566,53,15,8,5,1,0,0,0,0,0,1,
651,651,26,6,3,7933,Learning-enhanced,(cold start),,,32,143,540.2189999,2985.152,538.9559999,0.279000044,0.650537634,0.794444444,0.547222222,83,83,0.911111111,5,99,73,1.95890411,4800,1.566433566,53,15,8,5,1,0,0,0,0,0,1,
651,651,26,6,3,7933,Learning-enhanced,(cold start),,,33,143,61.94400001,3047.096,60.18700004,0.48300004,0.650537634,0.794444444,0.547222222,83,83,0.911111111,5,99,73,1.95890411,4800,1.566433566,53,15,8,5,1,0,0,0,0,0,1,
651,651,26,6,3,7933,Learning-enhanced,(cold start),,,34,143,69.4139998,3116.51,67.86499977,0.269000053,0.650537634,0.794444444,0.547222222,83,83,0.911111111,5,99,73,1.95890411,4800,1.566433566,53,15,8,5,1,0,0,0,0,0,1,
651,651,26,6,3,7933,Learning-enhanced,(cold start),,,35,143,70.19700003,3186.707,68.7190001,0.194999933,0.650537634,0.794444444,0.547222222,83,83,0.911111111,5,99,73,1.95890411,4800,1.566433566,53,15,8,5,1,0,0,0,0,0,1,
651,651,26,6,3,7933,Learning-enhanced,(cold start),,,36,143,71.96399999,3258.671,70.37899995,0.266000032,0.650537634,0.794444444,0.547222222,83,83,0.911111111,5,99,73,1.95890411,4800,1.566433566,53,15,8,5,1,0,0,0,0,0,1,
651,651,26,6,3,7933,Learning-enhanced,(cold start),,,37,146,72.47300005,3331.144,70.08100009,0.667000055,0.653225806,0.811111111,0.552777778,84,84,0.865391621,4,97,73,2,4620,1.48630137,53,15,9,5,1,0,0,0,0,0,1,
651,651,26,6,3,7933,Learning-enhanced,(cold start),,,38,146,457.539,3788.683,456.326,0.378000021,0.653225806,0.811111111,0.552777778,84,84,0.865391621,4,97,73,2,4620,1.48630137,53,15,9,5,1,0,0,0,0,0,1,
651,651,26,6,3,7933,Learning-enhanced,(cold start),,,50,146,457.539,4246.222,456.326,0.378000021,0.653225806,0.811111111,0.552777778,84,84,0.865391621,4,97,73,2,4620,1.48630137,53,15,9,5,1,0,0,0,0,0,1,
,,,,,,,,,,,,,,,,,,,,,,,,,,,,,,,,,,,,,,,
,,,,,,,,,,,,,39.5,,,,,,,,,,,,,,,,,,,,,,,,,,
